list_id,list_name,campaign,tier,phone_number,company_name,title,address1,city,state,postal_code,email,caller_id_pool,priority,vendor_lead_code,source,comments
1001,SoFla-Broward,RRSOFLA,Broward (954/754),9544668751,Windsor at Miramar,Apartment community,,Miramar,FL,33027,,954/754,P1,WindsoratMiramar,windsorcommunities.com,"[BROWARD 954/754] Windsor Communities mgmt; resort community, high unit count"
1001,SoFla-Broward,RRSOFLA,Broward (954/754),9549086257,Marela Apartments,Apartment community,,Pembroke Pines,FL,33028,,954/754,P1,MarelaApartments,marelaaptspembrokepines.com,[BROWARD 954/754] Willow Bridge mgmt; confirm operating
1001,SoFla-Broward,RRSOFLA,Broward (954/754),9547151127,The Lakes at Pembroke,Apartment community,,Pembroke Pines,FL,33024,,954/754,P1,TheLakesatPembroke,thelakespembrokepinesfl.com,[BROWARD 954/754] Luxury community
1001,SoFla-Broward,RRSOFLA,Broward (954/754),9546208204,Pembroke Cove (Scully Company),Apartment community,,Pembroke Pines,FL,33028,,954/754,P1,PembrokeCoveScullyCo,scullycompany.com,[BROWARD 954/754] Scully Company multi-property operator
1001,SoFla-Broward,RRSOFLA,Broward (954/754),9543426721,Epic Residences,Apartment community,,Miramar,FL,33025,,954/754,P1,EpicResidences,epicresidencesmiramar.com,[BROWARD 954/754] Upscale residences + hotel
1001,SoFla-Broward,RRSOFLA,Broward (954/754),8448155321,Castle Group,Condo/HOA mgmt,,Broward,FL,,,954/754,P1,CastleGroup,castlegroup.com,[BROWARD 954/754] Major Broward condo/HOA manager
1001,SoFla-Broward,RRSOFLA,Broward (954/754),8009326636,Sentry Management,Condo/HOA mgmt,,Broward,FL,,,954/754,P2,SentryManagement,sentrymgt.com,[BROWARD 954/754] AMO; HOA & condo (national line)
1001,SoFla-Broward,RRSOFLA,Broward (954/754),9545975977,TrueNest Property Management,Property management,,Miramar,FL,,,954/754,P2,TrueNestPropertyMana,truenestpm.com,[BROWARD 954/754] SF + small multifamily
1001,SoFla-Broward,RRSOFLA,Broward (954/754),9543625235,Real Property Mgmt Premier,Property management,,Miramar/Pembroke Pines,FL,,,954/754,P2,RealPropertyMgmtPrem,rpmpremierfl.com,[BROWARD 954/754] Serves both severe-tier cities
1001,SoFla-Broward,RRSOFLA,Broward (954/754),9547524800,Florida Property Mgmt & Sales,Property management,,Miramar,FL,,,954/754,P2,FloridaPropertyMgmtS,floridapropertyrealty.com,[BROWARD 954/754] Tenant placement + maintenance
1001,SoFla-Broward,RRSOFLA,Broward (954/754),9542398152,Miramar Property Management,Property management,,Miramar,FL,33025,,954/754,P2,MiramarPropertyManag,Yelp,[BROWARD 954/754] Local office on Miramar Pkwy
1001,SoFla-Broward,RRSOFLA,Broward (954/754),9543685398,PMI Best Assets (Davie),Property management,,Miramar/Pembroke Pines,FL,,,954/754,P2,PMIBestAssetsDavie,daviepropertymanagementinc.com,"[BROWARD 954/754] SF, duplex, small apt buildings"
1001,SoFla-Broward,RRSOFLA,Broward (954/754),9544386570,Pines Property Management,Property management,,Pembroke Pines,FL,33332,,954/754,P2,PinesPropertyManagem,pinespropertymanagement.com,[BROWARD 954/754] Weston-adjacent 33332
1001,SoFla-Broward,RRSOFLA,Broward (954/754),9542783200,All County Professional,Property management,,Pembroke Pines/Hollywood,FL,33024,,954/754,P2,AllCountyProfessiona,allcountyprop.com,[BROWARD 954/754] Covers Pembroke Pines
1001,SoFla-Broward,RRSOFLA,Broward (954/754),7544002025,The Nice Property Management,Property management,,Pembroke Pines,FL,,,954/754,P2,TheNicePropertyManag,thenicepropertymanagement.com,[BROWARD 954/754] Local 754 number
1001,SoFla-Broward,RRSOFLA,Broward (954/754),9542043266,PMI Prime View,Property management,,Pembroke Pines,FL,,,954/754,P2,PMIPrimeView,fortlauderdalepropertymanagementinc.com,[BROWARD 954/754] Pembroke Pines coverage
1002,SoFla-Doral-Hialeah,RRSOFLA,Doral-Hialeah (305/786),3054541540,The Palma (Downtown Doral),Apartment community,,Doral,FL,33172,,305/786,P1,ThePalmaDowntownDora,thepalmadoral.com,[DORAL-HIALEAH 305/786] Large downtown Doral community
1002,SoFla-Doral-Hialeah,RRSOFLA,Doral-Hialeah (305/786),3055079696,Doral View,Apartment community,,Doral,FL,33178,,305/786,P1,DoralView,Apartments.com,[DORAL-HIALEAH 305/786] Multifamily community
1002,SoFla-Doral-Hialeah,RRSOFLA,Doral-Hialeah (305/786),3055992122,Valencia at Doral,Apartment community,,Doral,FL,33178,,305/786,P1,ValenciaatDoral,valenciaatdoral.com,[DORAL-HIALEAH 305/786] Large community
1002,SoFla-Doral-Hialeah,RRSOFLA,Doral-Hialeah (305/786),3053925800,5350 Park (Doral),Apartment community,,Doral,FL,33178,,305/786,P1,5350ParkDoral,Apartments.com,[DORAL-HIALEAH 305/786] Luxury community
1002,SoFla-Doral-Hialeah,RRSOFLA,Doral-Hialeah (305/786),7868705970,Flamingo Village / Hialeah Acres,Apartment community,,Hialeah,FL,33010,,305/786,P1,FlamingoVillageHiale,Homes.com,[DORAL-HIALEAH 305/786] Open 7 days; leasing office
1002,SoFla-Doral-Hialeah,RRSOFLA,Doral-Hialeah (305/786),3058889744,Hialeah Housing Authority,Public housing,,Hialeah,FL,33010,,305/786,P1,HialeahHousingAuthor,hialeahhousing.org,[DORAL-HIALEAH 305/786] Large portfolio; public entity (procurement rules)
1002,SoFla-Doral-Hialeah,RRSOFLA,Doral-Hialeah (305/786),3055918715,Doral Management Company,Property/HOA-condo mgmt,,Doral,FL,33172,,305/786,P2,DoralManagementCompa,doralmanagement.com,[DORAL-HIALEAH 305/786] HOA/condo mgmt in Doral
1002,SoFla-Doral-Hialeah,RRSOFLA,Doral-Hialeah (305/786),7863910087,New Horizons Property Mgmt Solutions,Property/HOA-condo mgmt,,Doral/Miami Lakes,FL,,,305/786,P2,NewHorizonsPropertyM,newhorizonspropertymgmtsol.com,"[DORAL-HIALEAH 305/786] Covers Doral, Miami Lakes, Hallandale"
1002,SoFla-Doral-Hialeah,RRSOFLA,Doral-Hialeah (305/786),3058192361,Neighborhood Property Management,Property/HOA-condo mgmt,,Hialeah,FL,33016,,305/786,P2,NeighborhoodProperty,Yelp,"[DORAL-HIALEAH 305/786] HOA & condo mgmt, Hialeah"
1002,SoFla-Doral-Hialeah,RRSOFLA,Doral-Hialeah (305/786),3059301160,JMK Property Management,Property management,,Doral/Miami Beach,FL,,,305/786,P2,JMKPropertyManagemen,jmkpropertymanagement.com,[DORAL-HIALEAH 305/786] Serves Doral; HQ Miami Beach
1003,SoFla-Restoration-Partners,RRSOFLA,Restoration Partners,9549980600,SERVPRO of Pembroke Pines / W Miramar,Restoration franchise,,Pembroke Pines/Miramar,FL,,,954/754,A,SERVPROofPembrokePin,servpro.com,[RESTORATION PARTNERS] IICRC; overflow/subcontract partner
1003,SoFla-Restoration-Partners,RRSOFLA,Restoration Partners,9546347674,IgniteNest,Fire/smoke restoration,,Pembroke Pines/Miramar/Weston,FL,,,954/754,A,IgniteNest,theignitenest.shop,[RESTORATION PARTNERS] Fire+smoke focus - strong fit
1003,SoFla-Restoration-Partners,RRSOFLA,Restoration Partners,8449924414,Inovec Restoration & Construction,Restoration + GC,,Davie/Broward,FL,,,954/754,A,InovecRestorationCon,inovecgroup.com,[RESTORATION PARTNERS] Covers Miramar/PP/Coral Springs/Sunrise
1003,SoFla-Restoration-Partners,RRSOFLA,Restoration Partners,9542825224,FirstLine Restoration,Loss contractor,,Broward/PB/Dade,FL,,,954/754,A,FirstLineRestoration,firstlinepros.com,[RESTORATION PARTNERS] Mitigation+roofing+reconstruction
1003,SoFla-Restoration-Partners,RRSOFLA,Restoration Partners,9543834534,Water Damage Solutions,Water/mold restoration,,Coral Springs/Broward,FL,,,954/754,A,WaterDamageSolutions,waterdamagesolutionsfl.com,[RESTORATION PARTNERS] 24/7 extraction/drying/mold
1003,SoFla-Restoration-Partners,RRSOFLA,Restoration Partners,3055942956,SERVPRO of Doral,Restoration franchise,,Doral/Dade,FL,,,305/786,A,SERVPROofDoral,servpro.com,[RESTORATION PARTNERS] IICRC; overflow partner
1003,SoFla-Restoration-Partners,RRSOFLA,Restoration Partners,7866106317,Total Care Restoration,Water/fire/mold,,Doral/Miami/Broward,FL,33166,,305/786,A,TotalCareRestoration,totalcarerestoration.com,[RESTORATION PARTNERS] 24/7; multi-county
1003,SoFla-Restoration-Partners,RRSOFLA,Restoration Partners,3054880607,ServiceMaster DSI of Doral,Restoration (40+ yrs),,Doral/Dade,FL,,,305/786,A,ServiceMasterDSIofDo,servicemasterrestorations.com,[RESTORATION PARTNERS] Emergency property damage
1003,SoFla-Restoration-Partners,RRSOFLA,Restoration Partners,3056764660,United Water Restoration Group,Full-service restoration,,Doral/Broward/Dade,FL,,,305/786,A,UnitedWaterRestorati,unitedwaterrestoration.com,[RESTORATION PARTNERS] Water/fire/storm/sewage/mold
1003,SoFla-Restoration-Partners,RRSOFLA,Restoration Partners,9545485613,"Restore Experts, Inc.",Fire/mold/water,,Hialeah/Dade,FL,,,305/786,A,RestoreExpertsInc,restoreexpertsfl.com,[RESTORATION PARTNERS] Serves Hialeah
1003,SoFla-Restoration-Partners,RRSOFLA,Restoration Partners,7869632639,Doral Water Damage Restoration,Water/mold/fire,,Doral,FL,,,305/786,A,DoralWaterDamageRest,doralwaterdamagerestoration.com,[RESTORATION PARTNERS] 20+ yrs
1003,SoFla-Restoration-Partners,RRSOFLA,Restoration Partners,8444007274,Rapid Recovery Team,Restoration + construction,,Broward/Dade,FL,,,match county,B,RapidRecoveryTeam,rapidrecoveryteam.com,[RESTORATION PARTNERS] Serves Sunrise/Hialeah/Doral
1003,SoFla-Restoration-Partners,RRSOFLA,Restoration Partners,8443798737,Dry Up Restoration,Fire/water restoration,,Pembroke Pines/Miramar/Weston,FL,,,954/754,B,DryUpRestoration,dryuprestoration.com,[RESTORATION PARTNERS] Covers severe-tier cities
2001,Roofing-Miami-Dade,RRSOFLA,Miami-Dade (305/786),3052101010,Century Roofing Specialists (Hollywood),Roofing contractor,1200 N Federal Hwy,Hollywood,FL,33020,,305/786,,RR-314,roofing-contractor-partner,HOLLYWOOD
2001,Roofing-Miami-Dade,RRSOFLA,Miami-Dade (305/786),3052248270,Dennis Roofing,Roofing contractor,,Miami,FL,33101,,305/786,,RR-241,roofing-contractor-partner,MIAMI
2001,Roofing-Miami-Dade,RRSOFLA,Miami-Dade (305/786),3052251535,Extreme Roofing,Roofing contractor,2910 SW 109th Ave,Miami,FL,33165,,305/786,,RR-252,roofing-contractor-partner,MIAMI
2001,Roofing-Miami-Dade,RRSOFLA,Miami-Dade (305/786),3052554004,Aztec Roofing,Roofing contractor,12950 SW 189th St,Miami,FL,33177,,305/786,,RR-253,roofing-contractor-partner,MIAMI
2001,Roofing-Miami-Dade,RRSOFLA,Miami-Dade (305/786),3053011621,Armandos Roofing Inc,Roofing contractor,,Miami,FL,33157,,305/786,,RR-244,roofing-contractor-partner,MIAMI
2001,Roofing-Miami-Dade,RRSOFLA,Miami-Dade (305/786),3053059195,Ram Roofing,Roofing contractor,5712 NE 4th Ave,Miami,FL,33137,,305/786,,RR-248,roofing-contractor-partner,MIAMI
2001,Roofing-Miami-Dade,RRSOFLA,Miami-Dade (305/786),3054329789,Full Cover Roofing,Roofing contractor,13290 SW 88th Ln,Miami,FL,33186,,305/786,,RR-257,roofing-contractor-partner,MIAMI
2001,Roofing-Miami-Dade,RRSOFLA,Miami-Dade (305/786),3054542644,L Cortes Construction Services,Roofing contractor,18786 NW 79th Way,Hialeah,FL,33015,,305/786,,RR-240,roofing-contractor-partner,MIAMI/HIALEAH
2001,Roofing-Miami-Dade,RRSOFLA,Miami-Dade (305/786),3056348144,Arpaico Inc,Roofing contractor,3078 NW 13th St,Miami,FL,33125,,305/786,,RR-260,roofing-contractor-partner,MIAMI
2001,Roofing-Miami-Dade,RRSOFLA,Miami-Dade (305/786),3056427663,Perkins Roofing Miami,Roofing contractor,575 NW 152nd St,Miami,FL,33169,,305/786,,RR-246,roofing-contractor-partner,MIAMI
2001,Roofing-Miami-Dade,RRSOFLA,Miami-Dade (305/786),3056615454,Manuel Joya Roofing,Roofing contractor,7054 SW 44th St,Miami,FL,33155,,305/786,,RR-251,roofing-contractor-partner,MIAMI
2001,Roofing-Miami-Dade,RRSOFLA,Miami-Dade (305/786),3056662323,Victoria Roofing,Roofing contractor,4220 SW 71st Ave,Miami,FL,33155,,305/786,,RR-250,roofing-contractor-partner,MIAMI
2001,Roofing-Miami-Dade,RRSOFLA,Miami-Dade (305/786),3056723749,Diversified Roofing,Roofing contractor,170 NW 68th St,Miami,FL,33150,,305/786,,RR-249,roofing-contractor-partner,MIAMI
2001,Roofing-Miami-Dade,RRSOFLA,Miami-Dade (305/786),3056764127,Keys Roofing Inc,Roofing contractor,101761 Overseas Hwy,Key Largo,FL,33037,,305/786,,RR-239,roofing-contractor-partner,MIAMI/KEYS
2001,Roofing-Miami-Dade,RRSOFLA,Miami-Dade (305/786),3056966767,RN Palmer Roofing,Roofing contractor,17055 SW 190th St Ste 66,Miami,FL,33157,,305/786,,RR-259,roofing-contractor-partner,MIAMI
2001,Roofing-Miami-Dade,RRSOFLA,Miami-Dade (305/786),3057572612,Obenour Roofing Sheet Metal & Supply Co,Roofing contractor,9822 NE 2nd Ave Ste 9,Miami Shores,FL,33138,,305/786,,RR-242,roofing-contractor-partner,MIAMI
2001,Roofing-Miami-Dade,RRSOFLA,Miami-Dade (305/786),3058959237,Perfect Roofing and Services Inc,Roofing contractor,284 NE 116th St,Miami,FL,33161,,305/786,,RR-256,roofing-contractor-partner,MIAMI
2001,Roofing-Miami-Dade,RRSOFLA,Miami-Dade (305/786),3059022302,William Seay Fair Roofing,Roofing contractor,2020 Taylor St Apt 2C,Hollywood,FL,33020,,305/786,,RR-311,roofing-contractor-partner,HOLLYWOOD
2001,Roofing-Miami-Dade,RRSOFLA,Miami-Dade (305/786),3059084512,Blue Steel Construction,Roofing contractor,106 S Federal Hwy,Fort Lauderdale,FL,33301,,305/786,,RR-277,roofing-contractor-partner,FT LAUDERDALE
2001,Roofing-Miami-Dade,RRSOFLA,Miami-Dade (305/786),3059692020,Florida Roofing,Roofing contractor,13910 SW 102nd Ave,Miami,FL,33176,,305/786,,RR-247,roofing-contractor-partner,MIAMI
2001,Roofing-Miami-Dade,RRSOFLA,Miami-Dade (305/786),3059924790,Florida Roofing And Coating LLC,Roofing contractor,,Hollywood,FL,33020,,305/786,,RR-312,roofing-contractor-partner,HOLLYWOOD
2004,Roofing-Orlando-Central,RRSOFLA,Orlando/Central (407/321/689),3212176303,Empire Roofing Inc (Apopka),Roofing contractor,319 W Orange Blossom Trl,Apopka,FL,32712,,407/321/689,,RR-171,roofing-contractor-partner,APOPKA
2004,Roofing-Orlando-Central,RRSOFLA,Orlando/Central (407/321/689),3212177463,H2Ow Roofing,Roofing contractor,1701 Sunfish St,Saint Cloud,FL,34771,,407/321/689,,RR-218,roofing-contractor-partner,ST CLOUD
2004,Roofing-Orlando-Central,RRSOFLA,Orlando/Central (407/321/689),3212297742,Atalski Roofing,Roofing contractor,111 Olympus Dr,Ocoee,FL,34761,,407/321/689,,RR-182,roofing-contractor-partner,OCOEE
2004,Roofing-Orlando-Central,RRSOFLA,Orlando/Central (407/321/689),3212336832,Roof Techs of Florida,Roofing contractor,100 Dresdan Ct,Sanford,FL,32771,,407/321/689,,RR-152,roofing-contractor-partner,SANFORD
2004,Roofing-Orlando-Central,RRSOFLA,Orlando/Central (407/321/689),3212364184,R West Roofing (line 2),Roofing contractor,,Orlando,FL,32859,,407/321/689,,RR-042,roofing-contractor-partner,Serving area
2004,Roofing-Orlando-Central,RRSOFLA,Orlando/Central (407/321/689),3212444699,Rapid Roofing Services,Roofing contractor,1802 W Broadway St,Oviedo,FL,32765,,407/321/689,,RR-234,roofing-contractor-partner,OVIEDO
2004,Roofing-Orlando-Central,RRSOFLA,Orlando/Central (407/321/689),3212620584,Ray's Roofing,Roofing contractor,250 International Pkwy,Lake Mary,FL,32746,,407/321/689,,RR-199,roofing-contractor-partner,LAKE MARY
2004,Roofing-Orlando-Central,RRSOFLA,Orlando/Central (407/321/689),3212957404,Tag Restoration Services,Roofing contractor,1350 Orange Ave,Winter Park,FL,32789,,407/321/689,,RR-073,roofing-contractor-partner,WINTER PARK
2004,Roofing-Orlando-Central,RRSOFLA,Orlando/Central (407/321/689),3212993591,Top Notch Roofing Inc,Roofing contractor,2888 W Lake Mary Blvd,Lake Mary,FL,32746,,407/321/689,,RR-187,roofing-contractor-partner,LAKE MARY
2004,Roofing-Orlando-Central,RRSOFLA,Orlando/Central (407/321/689),3213163940,Winter Park Roof Installed & Repair,Roofing contractor,2617 W Fairbanks Ave,Winter Park,FL,32789,,407/321/689,,RR-080,roofing-contractor-partner,WINTER PARK
2004,Roofing-Orlando-Central,RRSOFLA,Orlando/Central (407/321/689),3213174515,B Brothers Services Inc,Roofing contractor,6409 Sardina Blvd,Orlando,FL,32818,,407/321/689,,RR-038,roofing-contractor-partner,
2004,Roofing-Orlando-Central,RRSOFLA,Orlando/Central (407/321/689),3213212004,Best Kissimmee Roofing,Roofing contractor,5245 W Irlo Bronson Memorial Hwy,Kissimmee,FL,34746,,407/321/689,,RR-104,roofing-contractor-partner,KISSIMMEE
2004,Roofing-Orlando-Central,RRSOFLA,Orlando/Central (407/321/689),3213217661,James & Sons Roofing,Roofing contractor,316 N John Young Pkwy,Kissimmee,FL,34741,,407/321/689,,RR-100,roofing-contractor-partner,KISSIMMEE
2004,Roofing-Orlando-Central,RRSOFLA,Orlando/Central (407/321/689),3213217950,Joseph's Roof Install,Roofing contractor,4063 N Goldenrod Rd,Winter Park,FL,32792,,407/321/689,,RR-083,roofing-contractor-partner,WINTER PARK
2004,Roofing-Orlando-Central,RRSOFLA,Orlando/Central (407/321/689),3213214406,Robert & Sons Kissimmee Roofing,Roofing contractor,1101 Miranda Ln,Kissimmee,FL,34741,,407/321/689,,RR-103,roofing-contractor-partner,KISSIMMEE
2004,Roofing-Orlando-Central,RRSOFLA,Orlando/Central (407/321/689),3213254673,Cloud Roof Repair,Roofing contractor,2090 Old Hickory Tree Rd,Saint Cloud,FL,34772,,407/321/689,,RR-209,roofing-contractor-partner,ST CLOUD
2004,Roofing-Orlando-Central,RRSOFLA,Orlando/Central (407/321/689),3213279414,Deluxe Sanford Roof Repair,Roofing contractor,2200 S French Ave,Sanford,FL,32771,,407/321/689,,RR-147,roofing-contractor-partner,SANFORD
2004,Roofing-Orlando-Central,RRSOFLA,Orlando/Central (407/321/689),3213284187,Clark Family Roofing,Roofing contractor,3100 17th St,Saint Cloud,FL,34769,,407/321/689,,RR-211,roofing-contractor-partner,ST CLOUD
2004,Roofing-Orlando-Central,RRSOFLA,Orlando/Central (407/321/689),3213291705,Ultimate Ocoee Roof Repair,Roofing contractor,319 West Rd,Ocoee,FL,34761,,407/321/689,,RR-176,roofing-contractor-partner,OCOEE
2004,Roofing-Orlando-Central,RRSOFLA,Orlando/Central (407/321/689),3213402590,Revive Roofing & Construction,Roofing contractor,17550 Cobblestone Ln,Clermont,FL,34711,,407/321/689,,RR-129,roofing-contractor-partner,CLERMONT
2004,Roofing-Orlando-Central,RRSOFLA,Orlando/Central (407/321/689),3213489155,Jasper Roofing Contractors,Roofing contractor,4185 S Orlando Dr,Sanford,FL,32773,,407/321/689,,RR-154,roofing-contractor-partner,SANFORD
2004,Roofing-Orlando-Central,RRSOFLA,Orlando/Central (407/321/689),3213551234,New Edge Construction,Roofing contractor,801 International Pkwy,Lake Mary,FL,32746,,407/321/689,,RR-204,roofing-contractor-partner,LAKE MARY
2004,Roofing-Orlando-Central,RRSOFLA,Orlando/Central (407/321/689),3213607663,4 Seasons Roofing Systems,Roofing contractor,1950 Lee Rd,Winter Park,FL,32789,,407/321/689,,RR-060,roofing-contractor-partner,WINTER PARK
2004,Roofing-Orlando-Central,RRSOFLA,Orlando/Central (407/321/689),3213607500,Clarence & Sons Roofing,Roofing contractor,203 E 3rd St Unit 6,Sanford,FL,32771,,407/321/689,,RR-162,roofing-contractor-partner,SANFORD
2004,Roofing-Orlando-Central,RRSOFLA,Orlando/Central (407/321/689),3213643200,Winter Park Roofing & Repairs,Roofing contractor,180 S Knowles Ave Ste 8,Winter Park,FL,32789,,407/321/689,,RR-055,roofing-contractor-partner,WINTER PARK
2004,Roofing-Orlando-Central,RRSOFLA,Orlando/Central (407/321/689),3213677171,Premium Roofing & Construction,Roofing contractor,107 N Line Dr,Apopka,FL,32703,,407/321/689,,RR-165,roofing-contractor-partner,APOPKA
2004,Roofing-Orlando-Central,RRSOFLA,Orlando/Central (407/321/689),3214021227,Nationwide Roofing,Roofing contractor,1750 Mohave Ct,Saint Cloud,FL,34772,,407/321/689,,RR-212,roofing-contractor-partner,ST CLOUD
2004,Roofing-Orlando-Central,RRSOFLA,Orlando/Central (407/321/689),3214144442,Lake Mary Roof Repair,Roofing contractor,255 Primera Blvd,Lake Mary,FL,32746,,407/321/689,,RR-189,roofing-contractor-partner,LAKE MARY
2004,Roofing-Orlando-Central,RRSOFLA,Orlando/Central (407/321/689),3214220035,Contractor Roofing Service,Roofing contractor,2238 Winter Woods Blvd,Winter Park,FL,32792,,407/321/689,,RR-075,roofing-contractor-partner,WINTER PARK
2004,Roofing-Orlando-Central,RRSOFLA,Orlando/Central (407/321/689),3214412300,Collis Roofing,Roofing contractor,,Winter Garden,FL,34787,,407/321/689,,RR-109,roofing-contractor-partner,WINTER GARDEN
2004,Roofing-Orlando-Central,RRSOFLA,Orlando/Central (407/321/689),3214447640,Heritage Roofing & Gutters Inc,Roofing contractor,5350 McIntosh Pt Ste 114,Sanford,FL,32773,,407/321/689,,RR-157,roofing-contractor-partner,SANFORD
2004,Roofing-Orlando-Central,RRSOFLA,Orlando/Central (407/321/689),3214789567,Ultimate Oviedo Roof Install,Roofing contractor,269 Aulin Ave,Oviedo,FL,32765,,407/321/689,,RR-229,roofing-contractor-partner,OVIEDO
2004,Roofing-Orlando-Central,RRSOFLA,Orlando/Central (407/321/689),3214834899,RoofTek,Roofing contractor,2630 Sanford Ave,Sanford,FL,32773,,407/321/689,,RR-148,roofing-contractor-partner,SANFORD
2004,Roofing-Orlando-Central,RRSOFLA,Orlando/Central (407/321/689),3214920800,CRBN Roofing Experts,Roofing contractor,950 N Central Ave,Oviedo,FL,32765,,407/321/689,,RR-232,roofing-contractor-partner,OVIEDO
2004,Roofing-Orlando-Central,RRSOFLA,Orlando/Central (407/321/689),3215046282,Rock Roofing,Roofing contractor,265 W Lakeview Ave,Lake Mary,FL,32746,,407/321/689,,RR-203,roofing-contractor-partner,LAKE MARY
2004,Roofing-Orlando-Central,RRSOFLA,Orlando/Central (407/321/689),3215124633,407 Constructions Pro,Roofing contractor,3351 Whitestone Cir,Kissimmee,FL,34741,,407/321/689,,RR-102,roofing-contractor-partner,KISSIMMEE
2004,Roofing-Orlando-Central,RRSOFLA,Orlando/Central (407/321/689),3215212628,Home Pros Roofing and Contracting,Roofing contractor,1935 Rafton Rd,Apopka,FL,32703,,407/321/689,,RR-164,roofing-contractor-partner,APOPKA
2004,Roofing-Orlando-Central,RRSOFLA,Orlando/Central (407/321/689),3215212376,JM's #1 Roofing,Roofing contractor,,Ocoee,FL,34761,,407/321/689,,RR-184,roofing-contractor-partner,OCOEE
2004,Roofing-Orlando-Central,RRSOFLA,Orlando/Central (407/321/689),3215475092,United Roofing,Roofing contractor,,Orlando,FL,32859,,407/321/689,,RR-040,roofing-contractor-partner,Serving Orlando
2004,Roofing-Orlando-Central,RRSOFLA,Orlando/Central (407/321/689),3216149689,J & M Roofing & Construction,Roofing contractor,2019 Pirie Pl,Saint Cloud,FL,34769,,407/321/689,,RR-210,roofing-contractor-partner,ST CLOUD
2004,Roofing-Orlando-Central,RRSOFLA,Orlando/Central (407/321/689),3216260339,BFARR Contracting,Roofing contractor,3500 Aloma Ave,Winter Park,FL,32792,,407/321/689,,RR-063,roofing-contractor-partner,WINTER PARK
2004,Roofing-Orlando-Central,RRSOFLA,Orlando/Central (407/321/689),3216380655,3MG Roofing & Solar (line 2),Roofing contractor,1127 Solana Ave,Winter Park,FL,32789,,407/321/689,,RR-092,roofing-contractor-partner,WINTER PARK alt line
2004,Roofing-Orlando-Central,RRSOFLA,Orlando/Central (407/321/689),3218053316,Reliable Roof Repair,Roofing contractor,900 13th St,Saint Cloud,FL,34769,,407/321/689,,RR-214,roofing-contractor-partner,ST CLOUD
2004,Roofing-Orlando-Central,RRSOFLA,Orlando/Central (407/321/689),3218328341,Allman Roofing,Roofing contractor,1215 Wynn St,Sanford,FL,32773,,407/321/689,,RR-141,roofing-contractor-partner,SANFORD
2004,Roofing-Orlando-Central,RRSOFLA,Orlando/Central (407/321/689),3218954933,Fix My Roofs,Roofing contractor,1109 Eastern Ave,Saint Cloud,FL,34769,,407/321/689,,RR-215,roofing-contractor-partner,ST CLOUD
2004,Roofing-Orlando-Central,RRSOFLA,Orlando/Central (407/321/689),3219470250,Bobcat Roofing,Roofing contractor,2021 W Fairbanks Ave,Winter Park,FL,32789,,407/321/689,,RR-061,roofing-contractor-partner,WINTER PARK
2004,Roofing-Orlando-Central,RRSOFLA,Orlando/Central (407/321/689),3219722577,Speer Roofing & Construction,Roofing contractor,400 N New York Ave,Winter Park,FL,32789,,407/321/689,,RR-056,roofing-contractor-partner,WINTER PARK
2005,Roofing-Clermont-Lake,RRSOFLA,Clermont/Lake (352),3522273098,Veritas Roofers,Roofing contractor,5036 Dr Phillips Blvd Ste 287,Orlando,FL,32819,,352,,RR-007,roofing-contractor-partner,PRIORITY Dr Phillips Blvd
2005,Roofing-Clermont-Lake,RRSOFLA,Clermont/Lake (352),3522419677,Roof Control Services,Roofing contractor,936 10th St,Clermont,FL,34711,,352,,RR-124,roofing-contractor-partner,CLERMONT
2005,Roofing-Clermont-Lake,RRSOFLA,Clermont/Lake (352),3522425055,Comfort Seal Roof Systems,Roofing contractor,614 E Highway 50,Clermont,FL,34711,,352,,RR-133,roofing-contractor-partner,CLERMONT
2005,Roofing-Clermont-Lake,RRSOFLA,Clermont/Lake (352),3522437977,We Know Roofing,Roofing contractor,11525 Kingfisher Dr,Clermont,FL,34711,,352,,RR-136,roofing-contractor-partner,CLERMONT
2005,Roofing-Clermont-Lake,RRSOFLA,Clermont/Lake (352),3523179778,Formonix Roofing,Roofing contractor,3559 S Orange Ave,Orlando,FL,32806,,352,,RR-037,roofing-contractor-partner,
2005,Roofing-Clermont-Lake,RRSOFLA,Clermont/Lake (352),3523529298,Red Turtle Roofing Minneola,Roofing contractor,3387 Grassy Lake View Ave,Clermont,FL,34715,,352,,RR-127,roofing-contractor-partner,CLERMONT
2005,Roofing-Clermont-Lake,RRSOFLA,Clermont/Lake (352),3523946461,Smith Roofing Inc,Roofing contractor,284 W Minneola Ave,Clermont,FL,34711,,352,,RR-123,roofing-contractor-partner,CLERMONT
2005,Roofing-Clermont-Lake,RRSOFLA,Clermont/Lake (352),3524597077,Premium Roofing & Restoration LLC,Roofing contractor,,Winter Garden,FL,34787,,352,,RR-121,roofing-contractor-partner,WINTER GARDEN
2005,Roofing-Clermont-Lake,RRSOFLA,Clermont/Lake (352),3524889064,Jim's Contracting,Roofing contractor,,Orlando,FL,32859,,352,,RR-043,roofing-contractor-partner,Serving area
2005,Roofing-Clermont-Lake,RRSOFLA,Clermont/Lake (352),3525526567,Weather All Roofing (line 2),Roofing contractor,,Winter Garden,FL,34787,,352,,RR-117,roofing-contractor-partner,WINTER GARDEN
2005,Roofing-Clermont-Lake,RRSOFLA,Clermont/Lake (352),3526368861,James Strickland - Janney Roofing,Roofing contractor,674 W Minneola Ave,Clermont,FL,34711,,352,,RR-131,roofing-contractor-partner,CLERMONT
2005,Roofing-Clermont-Lake,RRSOFLA,Clermont/Lake (352),3527052869,Horizon West Roofing,Roofing contractor,2755 Border Lake Rd,Apopka,FL,32703,,352,,RR-167,roofing-contractor-partner,APOPKA
2005,Roofing-Clermont-Lake,RRSOFLA,Clermont/Lake (352),3527210398,Titan Roofing,Roofing contractor,450 E Highway 50 Ste 3,Clermont,FL,34711,,352,,RR-125,roofing-contractor-partner,CLERMONT
2005,Roofing-Clermont-Lake,RRSOFLA,Clermont/Lake (352),3527527472,David's Clermont Roofing,Roofing contractor,1635 E Highway 50,Clermont,FL,34711,,352,,RR-126,roofing-contractor-partner,CLERMONT
2005,Roofing-Clermont-Lake,RRSOFLA,Clermont/Lake (352),3527905300,EDCK Roofing,Roofing contractor,250 Citrus Tower Blvd Ste 603,Clermont,FL,34711,,352,,RR-135,roofing-contractor-partner,CLERMONT
2005,Roofing-Clermont-Lake,RRSOFLA,Clermont/Lake (352),3529012955,Roofs For Everyone,Roofing contractor,1674 Grandeflora Ave,Clermont,FL,34711,,352,,RR-140,roofing-contractor-partner,CLERMONT
2005,Roofing-Clermont-Lake,RRSOFLA,Clermont/Lake (352),3529360068,Raven Roofing Ltd,Roofing contractor,200 Bloxam Ave,Clermont,FL,34711,,352,,RR-134,roofing-contractor-partner,CLERMONT
2009,Roofing-Other,RRSOFLA,Other/Toll-free,3866315566,Pinnacle Roofing Group,Roofing contractor,,Orlando,FL,32836,,manual,,RR-010,roofing-contractor-partner,Lic CCC1332542
2004,Roofing-Orlando-Central,RRSOFLA,Orlando/Central (407/321/689),4072034825,His and Hers Roofing,Roofing contractor,515 18th St,Orlando,FL,32805,,407/321/689,,RR-108,roofing-contractor-partner,WINTER GARDEN svc
2004,Roofing-Orlando-Central,RRSOFLA,Orlando/Central (407/321/689),4072144872,Universal Roof And Contracting,Roofing contractor,5655 Carder Rd,Orlando,FL,32810,,407/321/689,,RR-026,roofing-contractor-partner,
2004,Roofing-Orlando-Central,RRSOFLA,Orlando/Central (407/321/689),4072236101,Mejia Remodeling Company,Roofing contractor,3811 Double Eagle Dr,Orlando,FL,32839,,407/321/689,,RR-039,roofing-contractor-partner,
2004,Roofing-Orlando-Central,RRSOFLA,Orlando/Central (407/321/689),4072272044,Liquid Roof Doctors LLC,Roofing contractor,1035 Primera Blvd Ste 1041,Lake Mary,FL,32746,,407/321/689,,RR-202,roofing-contractor-partner,LAKE MARY
2004,Roofing-Orlando-Central,RRSOFLA,Orlando/Central (407/321/689),4072303858,Greenway Roofing of Florida,Roofing contractor,16 N Orlando Ave,Kissimmee,FL,34741,,407/321/689,,RR-096,roofing-contractor-partner,KISSIMMEE
2004,Roofing-Orlando-Central,RRSOFLA,Orlando/Central (407/321/689),4072532221,Keeping You Dry Roofing,Roofing contractor,2550 W Colonial Dr,Orlando,FL,32804,,407/321/689,,RR-015,roofing-contractor-partner,
2004,Roofing-Orlando-Central,RRSOFLA,Orlando/Central (407/321/689),4072574860,Steele's Roofing,Roofing contractor,1337 N 6th St,Orlando,FL,32820,,407/321/689,,RR-030,roofing-contractor-partner,
2004,Roofing-Orlando-Central,RRSOFLA,Orlando/Central (407/321/689),4072641632,KK Brothers Remodeling Services,Roofing contractor,3878 Kingston Oaks Cv,Oviedo,FL,32765,,407/321/689,,RR-227,roofing-contractor-partner,OVIEDO
2004,Roofing-Orlando-Central,RRSOFLA,Orlando/Central (407/321/689),4072683178,Peet Roofing & Remodeling,Roofing contractor,1641 Woodland Ave,Winter Park,FL,32789,,407/321/689,,RR-016,roofing-contractor-partner,
2004,Roofing-Orlando-Central,RRSOFLA,Orlando/Central (407/321/689),4072759444,The Orlando Roofing Co,Roofing contractor,,Orlando,FL,32836,,407/321/689,,RR-003,roofing-contractor-partner,PRIORITY 32836; Lic CCC1330550
2004,Roofing-Orlando-Central,RRSOFLA,Orlando/Central (407/321/689),4072847329,Menzel Roofing Services LLC,Roofing contractor,270 E Bahama Rd,Winter Springs,FL,32708,,407/321/689,,RR-052,roofing-contractor-partner,
2004,Roofing-Orlando-Central,RRSOFLA,Orlando/Central (407/321/689),4072841738,Oak Crest Roofing,Roofing contractor,115 Timberlachen Cir,Lake Mary,FL,32746,,407/321/689,,RR-195,roofing-contractor-partner,LAKE MARY
2004,Roofing-Orlando-Central,RRSOFLA,Orlando/Central (407/321/689),4072936574,Steppi Roofing Inc,Roofing contractor,3609 Old Winter Garden Rd,Orlando,FL,32805,,407/321/689,,RR-023,roofing-contractor-partner,
2004,Roofing-Orlando-Central,RRSOFLA,Orlando/Central (407/321/689),4072999600,Sunshine Roofing Ocoee Inc,Roofing contractor,137 Taylor St,Ocoee,FL,34761,,407/321/689,,RR-174,roofing-contractor-partner,OCOEE
2004,Roofing-Orlando-Central,RRSOFLA,Orlando/Central (407/321/689),4073032766,Wormley Roofing (WP),Roofing contractor,,Orlando,FL,32804,,407/321/689,,RR-094,roofing-contractor-partner,
2004,Roofing-Orlando-Central,RRSOFLA,Orlando/Central (407/321/689),4073058323,Ron West Roofing,Roofing contractor,10651 Buck Rd,Orlando,FL,32817,,407/321/689,,RR-029,roofing-contractor-partner,
2004,Roofing-Orlando-Central,RRSOFLA,Orlando/Central (407/321/689),4073056657,Xtreme Roofing & Construction,Roofing contractor,147 Parliament Loop Ste 1001,Lake Mary,FL,32746,,407/321/689,,RR-186,roofing-contractor-partner,LAKE MARY
2004,Roofing-Orlando-Central,RRSOFLA,Orlando/Central (407/321/689),4073106748,Florida Seamless Gutters,Roofing contractor,2632 Pemberton Dr,Apopka,FL,32703,,407/321/689,,RR-112,roofing-contractor-partner,WINTER GARDEN svc
2004,Roofing-Orlando-Central,RRSOFLA,Orlando/Central (407/321/689),4073167021,Allegiance Roof Restoration,Roofing contractor,,Palm City,FL,34990,,407/321/689,,RR-044,roofing-contractor-partner,
2004,Roofing-Orlando-Central,RRSOFLA,Orlando/Central (407/321/689),4073211520,All Seasons Roofing Repair,Roofing contractor,409 W 4th St,Sanford,FL,32771,,407/321/689,,RR-158,roofing-contractor-partner,SANFORD
2004,Roofing-Orlando-Central,RRSOFLA,Orlando/Central (407/321/689),4073216553,Senez Roofing,Roofing contractor,914 Pine Ave,Sanford,FL,32771,,407/321/689,,RR-160,roofing-contractor-partner,SANFORD
2004,Roofing-Orlando-Central,RRSOFLA,Orlando/Central (407/321/689),4073229558,Adcock Roofing,Roofing contractor,800 S French Ave,Sanford,FL,32771,,407/321/689,,RR-143,roofing-contractor-partner,SANFORD
2004,Roofing-Orlando-Central,RRSOFLA,Orlando/Central (407/321/689),4073221555,Advanced Roofing of Central FL,Roofing contractor,3551 W State Road 46,Sanford,FL,32771,,407/321/689,,RR-145,roofing-contractor-partner,SANFORD
2004,Roofing-Orlando-Central,RRSOFLA,Orlando/Central (407/321/689),4073269777,Calloway Roofing,Roofing contractor,2704 Rew Cir Ste 105a,Ocoee,FL,34761,,407/321/689,,RR-181,roofing-contractor-partner,OCOEE
2004,Roofing-Orlando-Central,RRSOFLA,Orlando/Central (407/321/689),4073263991,J&M Roofing,Roofing contractor,3586 Aloma Ave Ste 13,Winter Park,FL,32792,,407/321/689,,RR-065,roofing-contractor-partner,WINTER PARK
2004,Roofing-Orlando-Central,RRSOFLA,Orlando/Central (407/321/689),4073287700,Roof-Over America Inc,Roofing contractor,204 Trieste Loop,Lake Mary,FL,32746,,407/321/689,,RR-192,roofing-contractor-partner,LAKE MARY
2004,Roofing-Orlando-Central,RRSOFLA,Orlando/Central (407/321/689),4073307663,Proguard Restoration,Roofing contractor,641 Monroe Rd,Sanford,FL,32771,,407/321/689,,RR-153,roofing-contractor-partner,SANFORD
2004,Roofing-Orlando-Central,RRSOFLA,Orlando/Central (407/321/689),4073309303,Tecta America Central FL Commercial Roofing,Roofing contractor,588 Monroe Rd,Sanford,FL,32771,,407/321/689,,RR-146,roofing-contractor-partner,SANFORD
2004,Roofing-Orlando-Central,RRSOFLA,Orlando/Central (407/321/689),4073321328,Charles H Miksch Inc,Roofing contractor,,Winter Park,FL,32792,,407/321/689,,RR-090,roofing-contractor-partner,WINTER PARK
2004,Roofing-Orlando-Central,RRSOFLA,Orlando/Central (407/321/689),4073330009,Sears Home Improvement Roofing,Roofing contractor,,Lake Mary,FL,32746,,407/321/689,,RR-205,roofing-contractor-partner,LAKE MARY
2004,Roofing-Orlando-Central,RRSOFLA,Orlando/Central (407/321/689),4073378807,Dr Phillips Roofing (verify name),Roofing contractor,7512 Dr Phillips Blvd,Orlando,FL,32819,,407/321/689,,RR-006,roofing-contractor-partner,PRIORITY; verify name
2004,Roofing-Orlando-Central,RRSOFLA,Orlando/Central (407/321/689),4073478347,FBC Roofing,Roofing contractor,2222 Ocoee Apopka Rd Ste 104,Ocoee,FL,34761,,407/321/689,,RR-175,roofing-contractor-partner,OCOEE
2004,Roofing-Orlando-Central,RRSOFLA,Orlando/Central (407/321/689),4073483777,A To Z Coatings Inc,Roofing contractor,204 E Drury Ave,Kissimmee,FL,34744,,407/321/689,,RR-098,roofing-contractor-partner,KISSIMMEE
2004,Roofing-Orlando-Central,RRSOFLA,Orlando/Central (407/321/689),4073499881,R West Roofing,Roofing contractor,330 Rest Haven Ave,Orlando,FL,32806,,407/321/689,,RR-028,roofing-contractor-partner,
2004,Roofing-Orlando-Central,RRSOFLA,Orlando/Central (407/321/689),4073598147,Southern Style Roofing Inc,Roofing contractor,962 Palmetto St,Oviedo,FL,32765,,407/321/689,,RR-223,roofing-contractor-partner,OVIEDO
2004,Roofing-Orlando-Central,RRSOFLA,Orlando/Central (407/321/689),4073658586,Wales Roofing Co,Roofing contractor,301 Clonts St,Oviedo,FL,32765,,407/321/689,,RR-231,roofing-contractor-partner,OVIEDO
2004,Roofing-Orlando-Central,RRSOFLA,Orlando/Central (407/321/689),4073938888,Century Roofing Specialists,Roofing contractor,121 S Orange Ave Ste 1500,Orlando,FL,32801,,407/321/689,,RR-019,roofing-contractor-partner,
2004,Roofing-Orlando-Central,RRSOFLA,Orlando/Central (407/321/689),4073959712,Mac Mar Roofing,Roofing contractor,403 Maguire Rd,Ocoee,FL,34761,,407/321/689,,RR-178,roofing-contractor-partner,OCOEE
2004,Roofing-Orlando-Central,RRSOFLA,Orlando/Central (407/321/689),4074035464,Fellowship Group Roofing,Roofing contractor,333 12th St,Clermont,FL,34711,,407/321/689,,RR-132,roofing-contractor-partner,CLERMONT
2004,Roofing-Orlando-Central,RRSOFLA,Orlando/Central (407/321/689),4074070940,Wormley Roofing,Roofing contractor,,Orlando,FL,32804,,407/321/689,,RR-045,roofing-contractor-partner,
2004,Roofing-Orlando-Central,RRSOFLA,Orlando/Central (407/321/689),4074089298,Stephens Roofing,Roofing contractor,4761 Florence St,Apopka,FL,32712,,407/321/689,,RR-050,roofing-contractor-partner,
2004,Roofing-Orlando-Central,RRSOFLA,Orlando/Central (407/321/689),4074200478,Empire Roofing Orlando,Roofing contractor,410 Bif Ct,Orlando,FL,32836,,407/321/689,,RR-001,roofing-contractor-partner,PRIORITY 32836
2004,Roofing-Orlando-Central,RRSOFLA,Orlando/Central (407/321/689),4074237570,Batson Robert Roofing Inc,Roofing contractor,2823 E Jersey Ave,Orlando,FL,32806,,407/321/689,,RR-024,roofing-contractor-partner,
2004,Roofing-Orlando-Central,RRSOFLA,Orlando/Central (407/321/689),4074272098,SAVITARA General & Roofing Contractors,Roofing contractor,PO Box 616946,Orlando,FL,32861,,407/321/689,,RR-110,roofing-contractor-partner,WINTER GARDEN svc
2004,Roofing-Orlando-Central,RRSOFLA,Orlando/Central (407/321/689),4074307663,Sky Light Roofing,Roofing contractor,2516 Middleton Ave,Winter Park,FL,32792,,407/321/689,,RR-048,roofing-contractor-partner,
2004,Roofing-Orlando-Central,RRSOFLA,Orlando/Central (407/321/689),4074314263,Creative Roofing Specialists,Roofing contractor,708 Powderhorn Cir,Lake Mary,FL,32746,,407/321/689,,RR-188,roofing-contractor-partner,LAKE MARY
2004,Roofing-Orlando-Central,RRSOFLA,Orlando/Central (407/321/689),4074353433,Roofing R Us System Inc,Roofing contractor,263 Shady Oaks Cir,Lake Mary,FL,32746,,407/321/689,,RR-191,roofing-contractor-partner,LAKE MARY
2004,Roofing-Orlando-Central,RRSOFLA,Orlando/Central (407/321/689),4074355148,Synot Roofing & Construction,Roofing contractor,629 Ellen Dr,Winter Park,FL,32789,,407/321/689,,RR-074,roofing-contractor-partner,WINTER PARK
2004,Roofing-Orlando-Central,RRSOFLA,Orlando/Central (407/321/689),4074374146,Mecca Roofing,Roofing contractor,3005 W Lake Mary Blvd,Lake Mary,FL,32746,,407/321/689,,RR-190,roofing-contractor-partner,LAKE MARY
2004,Roofing-Orlando-Central,RRSOFLA,Orlando/Central (407/321/689),4074409140,The Orlando Roofing Co (Hoffner),Roofing contractor,6682 Hoffner Ave,Orlando,FL,32822,,407/321/689,,RR-014,roofing-contractor-partner,
2004,Roofing-Orlando-Central,RRSOFLA,Orlando/Central (407/321/689),4074567663,Fortified Roofing Solutions Corp,Roofing contractor,2222 Elsinore Ave,Winter Park,FL,32792,,407/321/689,,RR-057,roofing-contractor-partner,WINTER PARK
2004,Roofing-Orlando-Central,RRSOFLA,Orlando/Central (407/321/689),4074628504,Elevate Roofing (Oviedo),Roofing contractor,939 Taramundi Dr,Oviedo,FL,32765,,407/321/689,,RR-230,roofing-contractor-partner,OVIEDO
2004,Roofing-Orlando-Central,RRSOFLA,Orlando/Central (407/321/689),4074700315,Bryan's Roofing Inc,Roofing contractor,2975 Banana Palm Dr,Kissimmee,FL,34747,,407/321/689,,RR-107,roofing-contractor-partner,KISSIMMEE
2004,Roofing-Orlando-Central,RRSOFLA,Orlando/Central (407/321/689),4074760260,Roof Top Services of Central FL,Roofing contractor,37 N Orange Ave Ste 535,Orlando,FL,32801,,407/321/689,,RR-027,roofing-contractor-partner,
2004,Roofing-Orlando-Central,RRSOFLA,Orlando/Central (407/321/689),4074772823,Castle Roofing Group,Roofing contractor,505 Suggs Rd,Apopka,FL,32703,,407/321/689,,RR-163,roofing-contractor-partner,APOPKA
2004,Roofing-Orlando-Central,RRSOFLA,Orlando/Central (407/321/689),4074984794,Ron's Roofing & Rain Gutters,Roofing contractor,25 13th St,Saint Cloud,FL,34769,,407/321/689,,RR-216,roofing-contractor-partner,ST CLOUD
2004,Roofing-Orlando-Central,RRSOFLA,Orlando/Central (407/321/689),4074983900,TSK Exteriors,Roofing contractor,1609 13th St,Saint Cloud,FL,34769,,407/321/689,,RR-206,roofing-contractor-partner,ST CLOUD
2004,Roofing-Orlando-Central,RRSOFLA,Orlando/Central (407/321/689),4075193382,ProFormance Roofing (Apopka),Roofing contractor,2041 N Hiawassee Rd,Apopka,FL,32703,,407/321/689,,RR-166,roofing-contractor-partner,APOPKA
2004,Roofing-Orlando-Central,RRSOFLA,Orlando/Central (407/321/689),4075211601,William John Associates,Roofing contractor,,Winter Garden,FL,34787,,407/321/689,,RR-116,roofing-contractor-partner,WINTER GARDEN
2004,Roofing-Orlando-Central,RRSOFLA,Orlando/Central (407/321/689),4075401401,G & A Certified South Roofing,Roofing contractor,1323 Connecticut Ave,Saint Cloud,FL,34769,,407/321/689,,RR-208,roofing-contractor-partner,ST CLOUD
2004,Roofing-Orlando-Central,RRSOFLA,Orlando/Central (407/321/689),4075425903,Pro Roofing & Associate Inc,Roofing contractor,2895 S Orlando Dr,Sanford,FL,32773,,407/321/689,,RR-149,roofing-contractor-partner,SANFORD
2004,Roofing-Orlando-Central,RRSOFLA,Orlando/Central (407/321/689),4075423609,Sunrise Roofing Services,Roofing contractor,2200 S French Ave,Sanford,FL,32771,,407/321/689,,RR-144,roofing-contractor-partner,SANFORD
2004,Roofing-Orlando-Central,RRSOFLA,Orlando/Central (407/321/689),4075430554,KD Roofing,Roofing contractor,1890 State Road 436,Winter Park,FL,32792,,407/321/689,,RR-077,roofing-contractor-partner,WINTER PARK
2004,Roofing-Orlando-Central,RRSOFLA,Orlando/Central (407/321/689),4075437426,Sunstate Roofs Inc,Roofing contractor,171 Oakwood Way,Winter Park,FL,32789,,407/321/689,,RR-072,roofing-contractor-partner,WINTER PARK
2004,Roofing-Orlando-Central,RRSOFLA,Orlando/Central (407/321/689),4075463536,Roofing Company Winter Park (verify),Roofing contractor,1127 Solana Ave,Winter Park,FL,32789,,407/321/689,,RR-091,roofing-contractor-partner,WINTER PARK; verify
2004,Roofing-Orlando-Central,RRSOFLA,Orlando/Central (407/321/689),4075593536,G&A Certified Roofing North,Roofing contractor,3500 Aloma Ave Ste G-50,Winter Park,FL,32792,,407/321/689,,RR-079,roofing-contractor-partner,WINTER PARK
2004,Roofing-Orlando-Central,RRSOFLA,Orlando/Central (407/321/689),4075652537,RACS Roofing & Construction Solutions,Roofing contractor,2745 W Fairbanks Ave Ste 205,Winter Park,FL,32789,,407/321/689,,RR-066,roofing-contractor-partner,WINTER PARK
2004,Roofing-Orlando-Central,RRSOFLA,Orlando/Central (407/321/689),4075687702,Orange County Roofing,Roofing contractor,19867 Old Lake Pickett Rd,Orlando,FL,32820,,407/321/689,,RR-035,roofing-contractor-partner,
2004,Roofing-Orlando-Central,RRSOFLA,Orlando/Central (407/321/689),4075745003,T Mark Roofing Inc,Roofing contractor,3665 S Orlando Dr,Sanford,FL,32773,,407/321/689,,RR-150,roofing-contractor-partner,SANFORD
2004,Roofing-Orlando-Central,RRSOFLA,Orlando/Central (407/321/689),4075750022,Ocean Roofing of Florida,Roofing contractor,4327 S Highway 27,Clermont,FL,34711,,407/321/689,,RR-128,roofing-contractor-partner,CLERMONT
2004,Roofing-Orlando-Central,RRSOFLA,Orlando/Central (407/321/689),4075801036,FRS Flat Roofing,Roofing contractor,5660 Brighton Park Ln,Orlando,FL,32839,,407/321/689,,RR-025,roofing-contractor-partner,
2004,Roofing-Orlando-Central,RRSOFLA,Orlando/Central (407/321/689),4075927360,Megram Construction Roofing,Roofing contractor,400 W State Road 434 Ste 1016,Oviedo,FL,32765,,407/321/689,,RR-225,roofing-contractor-partner,OVIEDO
2004,Roofing-Orlando-Central,RRSOFLA,Orlando/Central (407/321/689),4075930075,Ramflas Roofing Services,Roofing contractor,2014 Jaffa Dr,Saint Cloud,FL,34771,,407/321/689,,RR-217,roofing-contractor-partner,ST CLOUD
2004,Roofing-Orlando-Central,RRSOFLA,Orlando/Central (407/321/689),4075952602,C Sterling Quality Roofing Inc,Roofing contractor,784 Harold Ave,Winter Park,FL,32789,,407/321/689,,RR-054,roofing-contractor-partner,WINTER PARK
2004,Roofing-Orlando-Central,RRSOFLA,Orlando/Central (407/321/689),4075998346,C Sterling Quality Roofing (line 2),Roofing contractor,535 N Park Ave,Winter Park,FL,32789,,407/321/689,,RR-093,roofing-contractor-partner,WINTER PARK alt line
2004,Roofing-Orlando-Central,RRSOFLA,Orlando/Central (407/321/689),4076000396,Centaur Roofing & Construction,Roofing contractor,1750 W Broadway St Ste 106,Oviedo,FL,32765,,407/321/689,,RR-233,roofing-contractor-partner,OVIEDO
2004,Roofing-Orlando-Central,RRSOFLA,Orlando/Central (407/321/689),4076023363,Certified Best Roofing,Roofing contractor,1065 E Broadway St,Oviedo,FL,32765,,407/321/689,,RR-222,roofing-contractor-partner,OVIEDO
2004,Roofing-Orlando-Central,RRSOFLA,Orlando/Central (407/321/689),4076079135,Roof Over America,Roofing contractor,1951 Palmer Ave,Winter Park,FL,32792,,407/321/689,,RR-070,roofing-contractor-partner,WINTER PARK
2004,Roofing-Orlando-Central,RRSOFLA,Orlando/Central (407/321/689),4076074856,The Roofing Doctor,Roofing contractor,941 W Morse Blvd Ste 100,Winter Park,FL,32789,,407/321/689,,RR-071,roofing-contractor-partner,WINTER PARK
2004,Roofing-Orlando-Central,RRSOFLA,Orlando/Central (407/321/689),4076171717,B2 Exterior Solutions,Roofing contractor,,Orlando,FL,32836,,407/321/689,,RR-002,roofing-contractor-partner,PRIORITY 32836
2004,Roofing-Orlando-Central,RRSOFLA,Orlando/Central (407/321/689),4076255866,Stratus Roofing,Roofing contractor,1081 9th St,Winter Garden,FL,34787,,407/321/689,,RR-051,roofing-contractor-partner,
2004,Roofing-Orlando-Central,RRSOFLA,Orlando/Central (407/321/689),4076259738,Weathertite Coatings Inc,Roofing contractor,755 Oakland Hills Cir Unit 109,Lake Mary,FL,32746,,407/321/689,,RR-194,roofing-contractor-partner,LAKE MARY
2004,Roofing-Orlando-Central,RRSOFLA,Orlando/Central (407/321/689),4076284688,Govu Inc,Roofing contractor,151 S New York Ave,Winter Park,FL,32789,,407/321/689,,RR-068,roofing-contractor-partner,WINTER PARK
2004,Roofing-Orlando-Central,RRSOFLA,Orlando/Central (407/321/689),4076289590,Leonhard Roofing,Roofing contractor,151 S New York Ave,Winter Park,FL,32789,,407/321/689,,RR-067,roofing-contractor-partner,WINTER PARK
2004,Roofing-Orlando-Central,RRSOFLA,Orlando/Central (407/321/689),4076375339,Sheegog Contracting,Roofing contractor,5526 Lake Howell Rd,Winter Park,FL,32792,,407/321/689,,RR-059,roofing-contractor-partner,WINTER PARK
2004,Roofing-Orlando-Central,RRSOFLA,Orlando/Central (407/321/689),4076479420,Carroll Bradford Roofing,Roofing contractor,1925 Prospect Ave Ste 210,Orlando,FL,32814,,407/321/689,,RR-036,roofing-contractor-partner,
2004,Roofing-Orlando-Central,RRSOFLA,Orlando/Central (407/321/689),4076481772,All American Roofing North,Roofing contractor,15 S Dollins Ave,Orlando,FL,32805,,407/321/689,,RR-114,roofing-contractor-partner,WINTER GARDEN svc
2004,Roofing-Orlando-Central,RRSOFLA,Orlando/Central (407/321/689),4076488009,Florida Universal Roofing Inc,Roofing contractor,1808 Acme St,Orlando,FL,32805,,407/321/689,,RR-022,roofing-contractor-partner,
2004,Roofing-Orlando-Central,RRSOFLA,Orlando/Central (407/321/689),4076500013,Hodges Brothers Roofing,Roofing contractor,501 Hames Ave,Orlando,FL,32805,,407/321/689,,RR-021,roofing-contractor-partner,
2004,Roofing-Orlando-Central,RRSOFLA,Orlando/Central (407/321/689),4076563396,Sanders Roofing & Sheet Metal,Roofing contractor,150 Taylor St,Ocoee,FL,34761,,407/321/689,,RR-177,roofing-contractor-partner,OCOEE
2004,Roofing-Orlando-Central,RRSOFLA,Orlando/Central (407/321/689),4076563169,Sisson Roofing of Central FL,Roofing contractor,306 Ocoee Apopka Rd Ste 5,Ocoee,FL,34761,,407/321/689,,RR-179,roofing-contractor-partner,OCOEE
2004,Roofing-Orlando-Central,RRSOFLA,Orlando/Central (407/321/689),4076577600,Perry Roofing Contractors Inc,Roofing contractor,7601 Citrus Ave,Winter Park,FL,32792,,407/321/689,,RR-084,roofing-contractor-partner,WINTER PARK
2004,Roofing-Orlando-Central,RRSOFLA,Orlando/Central (407/321/689),4076602212,Tip Top Roofing Company,Roofing contractor,660 W Kennedy Blvd,Orlando,FL,32810,,407/321/689,,RR-017,roofing-contractor-partner,
2004,Roofing-Orlando-Central,RRSOFLA,Orlando/Central (407/321/689),4076716166,D'anna Building & Roofing Inc,Roofing contractor,2463 Brookshire Ave,Winter Park,FL,32792,,407/321/689,,RR-088,roofing-contractor-partner,WINTER PARK
2004,Roofing-Orlando-Central,RRSOFLA,Orlando/Central (407/321/689),4076717604,Southern States Roofing of Central FL,Roofing contractor,7601 Citrus Ave,Winter Park,FL,32792,,407/321/689,,RR-085,roofing-contractor-partner,WINTER PARK
2004,Roofing-Orlando-Central,RRSOFLA,Orlando/Central (407/321/689),4076712666,Winter Park Roofing Inc,Roofing contractor,3500 Aloma Ave Ste W-1,Winter Park,FL,32792,,407/321/689,,RR-076,roofing-contractor-partner,WINTER PARK
2004,Roofing-Orlando-Central,RRSOFLA,Orlando/Central (407/321/689),4076720001,David Lundberg Building & Roofing,Roofing contractor,1709 Howell Branch Rd,Winter Park,FL,32789,,407/321/689,,RR-089,roofing-contractor-partner,WINTER PARK
2004,Roofing-Orlando-Central,RRSOFLA,Orlando/Central (407/321/689),4076789721,Advantage Roofing Inc,Roofing contractor,6903 Partridge Ln,Orlando,FL,32807,,407/321/689,,RR-018,roofing-contractor-partner,
2004,Roofing-Orlando-Central,RRSOFLA,Orlando/Central (407/321/689),4076792070,Fleming Brothers Roofing Co Inc,Roofing contractor,7601 Citrus Ave,Winter Park,FL,32792,,407/321/689,,RR-053,roofing-contractor-partner,WINTER PARK
2004,Roofing-Orlando-Central,RRSOFLA,Orlando/Central (407/321/689),4076794552,Martin Roofing Services Inc,Roofing contractor,2720 Forsyth Rd,Winter Park,FL,32792,,407/321/689,,RR-082,roofing-contractor-partner,WINTER PARK
2004,Roofing-Orlando-Central,RRSOFLA,Orlando/Central (407/321/689),4076797663,Weather All Roofing Inc,Roofing contractor,1421 Border Dr,Winter Park,FL,32789,,407/321/689,,RR-087,roofing-contractor-partner,WINTER PARK
2004,Roofing-Orlando-Central,RRSOFLA,Orlando/Central (407/321/689),4076926576,D&E Roofing,Roofing contractor,821 N Main St,Kissimmee,FL,34744,,407/321/689,,RR-099,roofing-contractor-partner,KISSIMMEE
2004,Roofing-Orlando-Central,RRSOFLA,Orlando/Central (407/321/689),4077020206,Proformance Roofing,Roofing contractor,1795 E Highway 50,Clermont,FL,34711,,407/321/689,,RR-139,roofing-contractor-partner,CLERMONT
2004,Roofing-Orlando-Central,RRSOFLA,Orlando/Central (407/321/689),4077042191,Sisson Roofing of Central FL (line 2),Roofing contractor,666 California Ave,Ocoee,FL,34761,,407/321/689,,RR-180,roofing-contractor-partner,OCOEE
2004,Roofing-Orlando-Central,RRSOFLA,Orlando/Central (407/321/689),4077078271,Alan's Roofing Inc,Roofing contractor,145 E Sandpiper St,Apopka,FL,32712,,407/321/689,,RR-049,roofing-contractor-partner,
2004,Roofing-Orlando-Central,RRSOFLA,Orlando/Central (407/321/689),4077101250,Roofing Brothers of Florida,Roofing contractor,988 Westwood Sq,Oviedo,FL,32765,,407/321/689,,RR-224,roofing-contractor-partner,OVIEDO
2004,Roofing-Orlando-Central,RRSOFLA,Orlando/Central (407/321/689),4077173104,Vortex Roofing & Construction,Roofing contractor,216 S Holly Ave,Sanford,FL,32771,,407/321/689,,RR-161,roofing-contractor-partner,SANFORD
2004,Roofing-Orlando-Central,RRSOFLA,Orlando/Central (407/321/689),4077326563,Next GRC Roofing,Roofing contractor,115 Commerce St,Lake Mary,FL,32746,,407/321/689,,RR-200,roofing-contractor-partner,LAKE MARY
2004,Roofing-Orlando-Central,RRSOFLA,Orlando/Central (407/321/689),4077434583,Professional Choice Roofing,Roofing contractor,250 International Pkwy Ste 128,Lake Mary,FL,32746,,407/321/689,,RR-198,roofing-contractor-partner,LAKE MARY
2004,Roofing-Orlando-Central,RRSOFLA,Orlando/Central (407/321/689),4077434667,TMCG Roofing Corp,Roofing contractor,1221 Arden Oaks Dr,Ocoee,FL,34761,,407/321/689,,RR-183,roofing-contractor-partner,OCOEE
2004,Roofing-Orlando-Central,RRSOFLA,Orlando/Central (407/321/689),4077490808,Schick Roofing,Roofing contractor,,Orlando,FL,32819,,407/321/689,,RR-005,roofing-contractor-partner,PRIORITY Bay Hill/Dr Phillips
2004,Roofing-Orlando-Central,RRSOFLA,Orlando/Central (407/321/689),4077544552,Century Roofing Specialist (line 2),Roofing contractor,,Winter Garden,FL,34787,,407/321/689,,RR-113,roofing-contractor-partner,WINTER GARDEN
2004,Roofing-Orlando-Central,RRSOFLA,Orlando/Central (407/321/689),4077594848,Best Choice Roofing,Roofing contractor,22 W Monument Ave,Kissimmee,FL,34741,,407/321/689,,RR-097,roofing-contractor-partner,KISSIMMEE
2004,Roofing-Orlando-Central,RRSOFLA,Orlando/Central (407/321/689),4077613074,Duffield Roofing,Roofing contractor,2016 Dutchess Ln,Winter Park,FL,32792,,407/321/689,,RR-086,roofing-contractor-partner,WINTER PARK
2004,Roofing-Orlando-Central,RRSOFLA,Orlando/Central (407/321/689),4077674256,Weatherproof Inc,Roofing contractor,151 S New York Ave,Winter Park,FL,32789,,407/321/689,,RR-069,roofing-contractor-partner,WINTER PARK
2004,Roofing-Orlando-Central,RRSOFLA,Orlando/Central (407/321/689),4077740940,Johnson Roofing Orlando,Roofing contractor,405 Ruth St,Longwood,FL,32779,,407/321/689,,RR-047,roofing-contractor-partner,
2004,Roofing-Orlando-Central,RRSOFLA,Orlando/Central (407/321/689),4077838207,Level Roofing,Roofing contractor,1401 Beulah Rd Ste 120,Winter Garden,FL,34787,,407/321/689,,RR-119,roofing-contractor-partner,WINTER GARDEN
2004,Roofing-Orlando-Central,RRSOFLA,Orlando/Central (407/321/689),4077907001,Prolevel Roofing,Roofing contractor,99 N Central Ave,Oviedo,FL,32765,,407/321/689,,RR-220,roofing-contractor-partner,OVIEDO
2004,Roofing-Orlando-Central,RRSOFLA,Orlando/Central (407/321/689),4077970134,Cirilos Roofing Inc,Roofing contractor,243 W Main St,Apopka,FL,32703,,407/321/689,,RR-170,roofing-contractor-partner,APOPKA
2004,Roofing-Orlando-Central,RRSOFLA,Orlando/Central (407/321/689),4078308554,Mid Florida Roofing Inc,Roofing contractor,275 Evansdale Rd,Lake Mary,FL,32746,,407/321/689,,RR-185,roofing-contractor-partner,LAKE MARY
2004,Roofing-Orlando-Central,RRSOFLA,Orlando/Central (407/321/689),4078416471,Tom Tanenbaum Inc,Roofing contractor,425 Fairvilla Rd,Orlando,FL,32808,,407/321/689,,RR-032,roofing-contractor-partner,
2004,Roofing-Orlando-Central,RRSOFLA,Orlando/Central (407/321/689),4078432665,Cut Rite Roofing Inc,Roofing contractor,,Winter Garden,FL,34787,,407/321/689,,RR-118,roofing-contractor-partner,WINTER GARDEN
2004,Roofing-Orlando-Central,RRSOFLA,Orlando/Central (407/321/689),4078459779,Legion Roofing & Construction,Roofing contractor,830 N John Young Pkwy Ste 860,Kissimmee,FL,34741,,407/321/689,,RR-101,roofing-contractor-partner,KISSIMMEE
2004,Roofing-Orlando-Central,RRSOFLA,Orlando/Central (407/321/689),4078510680,Gold Key Roofing,Roofing contractor,4874 S Orange Ave,Orlando,FL,32806,,407/321/689,,RR-011,roofing-contractor-partner,
2004,Roofing-Orlando-Central,RRSOFLA,Orlando/Central (407/321/689),4078569027,RBS Construction and Roofing (South),Roofing contractor,,Orlando,FL,32837,,407/321/689,,RR-111,roofing-contractor-partner,WINTER GARDEN svc
2004,Roofing-Orlando-Central,RRSOFLA,Orlando/Central (407/321/689),4078570098,Edgar Quintin Roofing,Roofing contractor,1341 W Church St,Orlando,FL,32805,,407/321/689,,RR-122,roofing-contractor-partner,WINTER GARDEN svc
2004,Roofing-Orlando-Central,RRSOFLA,Orlando/Central (407/321/689),4078579392,Hartford South Incorporated,Roofing contractor,7326 S Orange Ave,Orlando,FL,32809,,407/321/689,,RR-020,roofing-contractor-partner,
2004,Roofing-Orlando-Central,RRSOFLA,Orlando/Central (407/321/689),4078598163,RBS Construction Roofing,Roofing contractor,5205 S Orange Ave Ste 102,Orlando,FL,32809,,407/321/689,,RR-009,roofing-contractor-partner,Alt DID 6893049605
2004,Roofing-Orlando-Central,RRSOFLA,Orlando/Central (407/321/689),4078659510,All Construction Solutions Svcs,Roofing contractor,510 Douglas Ave Ste 1019,Altamonte Springs,FL,32714,,407/321/689,,RR-033,roofing-contractor-partner,
2004,Roofing-Orlando-Central,RRSOFLA,Orlando/Central (407/321/689),4078783750,Brian Sikes Roofing,Roofing contractor,1550 N US Highway 17-92,Lake Mary,FL,32746,,407/321/689,,RR-193,roofing-contractor-partner,LAKE MARY
2004,Roofing-Orlando-Central,RRSOFLA,Orlando/Central (407/321/689),4078781113,Smart Roofing,Roofing contractor,1221 W 7th St,Sanford,FL,32771,,407/321/689,,RR-159,roofing-contractor-partner,SANFORD
2004,Roofing-Orlando-Central,RRSOFLA,Orlando/Central (407/321/689),4078787320,Sra Roofing,Roofing contractor,105 Tralee Ct,Lake Mary,FL,32746,,407/321/689,,RR-196,roofing-contractor-partner,LAKE MARY
2004,Roofing-Orlando-Central,RRSOFLA,Orlando/Central (407/321/689),4078782225,Zee's Roofing and Construction,Roofing contractor,4500 Orange Blvd,Sanford,FL,32771,,407/321/689,,RR-156,roofing-contractor-partner,SANFORD
2004,Roofing-Orlando-Central,RRSOFLA,Orlando/Central (407/321/689),4078833144,Florida Roof Advisors,Roofing contractor,1800 Pembrook Dr,Orlando,FL,32819,,407/321/689,,RR-008,roofing-contractor-partner,Near 32836
2004,Roofing-Orlando-Central,RRSOFLA,Orlando/Central (407/321/689),4078849777,F W Walton Inc,Roofing contractor,777 S Park Ave,Apopka,FL,32703,,407/321/689,,RR-173,roofing-contractor-partner,APOPKA
2004,Roofing-Orlando-Central,RRSOFLA,Orlando/Central (407/321/689),4078847663,Rizzo Roofing,Roofing contractor,2714 Cloudcroft Dr,Apopka,FL,32703,,407/321/689,,RR-115,roofing-contractor-partner,WINTER GARDEN svc
2004,Roofing-Orlando-Central,RRSOFLA,Orlando/Central (407/321/689),4078907523,JT Roofing Company Oviedo,Roofing contractor,543 Fern St,Oviedo,FL,32765,,407/321/689,,RR-228,roofing-contractor-partner,OVIEDO
2004,Roofing-Orlando-Central,RRSOFLA,Orlando/Central (407/321/689),4078910578,Pohlman Romar Roofing,Roofing contractor,3770 Cedar Hammock Trl,Saint Cloud,FL,34772,,407/321/689,,RR-219,roofing-contractor-partner,ST CLOUD
2004,Roofing-Orlando-Central,RRSOFLA,Orlando/Central (407/321/689),4078917717,Rick Lundberg Roofing,Roofing contractor,1111 Florida Ave,Saint Cloud,FL,34769,,407/321/689,,RR-213,roofing-contractor-partner,ST CLOUD
2004,Roofing-Orlando-Central,RRSOFLA,Orlando/Central (407/321/689),4078917080,Steve Turbeville Roofing,Roofing contractor,111 E 17th St,Saint Cloud,FL,34769,,407/321/689,,RR-207,roofing-contractor-partner,ST CLOUD
2004,Roofing-Orlando-Central,RRSOFLA,Orlando/Central (407/321/689),4079000840,Sustainable Roof Systems,Roofing contractor,1250 Commons Ct,Clermont,FL,34711,,407/321/689,,RR-138,roofing-contractor-partner,CLERMONT
2004,Roofing-Orlando-Central,RRSOFLA,Orlando/Central (407/321/689),4079017380,Timothy Parks Roofing & Construction Inc,Roofing contractor,614 E Highway 50,Clermont,FL,34711,,407/321/689,,RR-137,roofing-contractor-partner,CLERMONT
2004,Roofing-Orlando-Central,RRSOFLA,Orlando/Central (407/321/689),4079174049,Hogan Roofing 407RoofRepair,Roofing contractor,,Orlando,FL,32836,,407/321/689,,RR-004,roofing-contractor-partner,PRIORITY Dr Phillips
2004,Roofing-Orlando-Central,RRSOFLA,Orlando/Central (407/321/689),4079242996,Walker Services,Roofing contractor,712 Savage Ct,Longwood,FL,32750,,407/321/689,,RR-034,roofing-contractor-partner,
2004,Roofing-Orlando-Central,RRSOFLA,Orlando/Central (407/321/689),4079306079,Baker Roofing Company,Roofing contractor,7033 Stapoint Ct,Winter Park,FL,32792,,407/321/689,,RR-081,roofing-contractor-partner,WINTER PARK
2004,Roofing-Orlando-Central,RRSOFLA,Orlando/Central (407/321/689),4079304262,SDPS Inc Roofing & Water Damage,Roofing contractor,,Orlando,FL,32804,,407/321/689,,RR-031,roofing-contractor-partner,
2004,Roofing-Orlando-Central,RRSOFLA,Orlando/Central (407/321/689),4079307663,Stanley's Roofing Inc,Roofing contractor,2605 Clark St,Apopka,FL,32703,,407/321/689,,RR-169,roofing-contractor-partner,APOPKA
2004,Roofing-Orlando-Central,RRSOFLA,Orlando/Central (407/321/689),4079499196,Parlament Roofing & Construction,Roofing contractor,364 Cooper Palms Pkwy,Apopka,FL,32703,,407/321/689,,RR-172,roofing-contractor-partner,APOPKA
2004,Roofing-Orlando-Central,RRSOFLA,Orlando/Central (407/321/689),4079516050,Island Environment,Roofing contractor,669 Harold Ave,Winter Park,FL,32789,,407/321/689,,RR-078,roofing-contractor-partner,WINTER PARK
2004,Roofing-Orlando-Central,RRSOFLA,Orlando/Central (407/321/689),4079555763,Mighty Dog Roofing of Greater NE Orlando,Roofing contractor,182 S Central Ave,Oviedo,FL,32765,,407/321/689,,RR-221,roofing-contractor-partner,OVIEDO
2004,Roofing-Orlando-Central,RRSOFLA,Orlando/Central (407/321/689),4079687738,Central Florida Roofing Group,Roofing contractor,304 Sprucewood,Lake Mary,FL,32746,,407/321/689,,RR-201,roofing-contractor-partner,LAKE MARY
2004,Roofing-Orlando-Central,RRSOFLA,Orlando/Central (407/321/689),4079928807,Winter Garden Roof Repair,Roofing contractor,13440 W Colonial Dr 21a,Winter Garden,FL,34787,,407/321/689,,RR-120,roofing-contractor-partner,WINTER GARDEN
2003,Roofing-Palm-Beach,RRSOFLA,Palm Beach (561),5612024954,Master Gutters Inc,Roofing contractor,1454 Ryan Ln,Royal Palm Beach,FL,33411,,561,,RR-292,roofing-contractor-partner,WEST PALM BEACH
2003,Roofing-Palm-Beach,RRSOFLA,Palm Beach (561),5612130756,Royal Palm Roofing,Roofing contractor,1684 NW Madrid Way,Boca Raton,FL,33432,,561,,RR-329,roofing-contractor-partner,BOCA RATON
2003,Roofing-Palm-Beach,RRSOFLA,Palm Beach (561),5612252566,American Roofing Contractors,Roofing contractor,114 SE Coast St,Lake Worth,FL,33460,,561,,RR-289,roofing-contractor-partner,WEST PALM BEACH
2003,Roofing-Palm-Beach,RRSOFLA,Palm Beach (561),5613019753,A A Advanced Roof Restoration,Roofing contractor,,West Palm Beach,FL,33407,,561,,RR-297,roofing-contractor-partner,WEST PALM BEACH
2003,Roofing-Palm-Beach,RRSOFLA,Palm Beach (561),5613257158,Mint Roofing Ltd,Roofing contractor,1609 NW 2nd Ave,Boca Raton,FL,33432,,561,,RR-324,roofing-contractor-partner,BOCA RATON
2003,Roofing-Palm-Beach,RRSOFLA,Palm Beach (561),5613357652,Bravos Roofing Inc,Roofing contractor,2269 Indian Rd,West Palm Beach,FL,33409,,561,,RR-296,roofing-contractor-partner,WEST PALM BEACH
2003,Roofing-Palm-Beach,RRSOFLA,Palm Beach (561),5613678997,Advantage Building & Roofing Corp,Roofing contractor,1495 Addison Ave,Boca Raton,FL,33486,,561,,RR-327,roofing-contractor-partner,BOCA RATON
2003,Roofing-Palm-Beach,RRSOFLA,Palm Beach (561),5614177780,Marzo Roofing,Roofing contractor,141 NW 20th St,Boca Raton,FL,33431,,561,,RR-326,roofing-contractor-partner,BOCA RATON
2003,Roofing-Palm-Beach,RRSOFLA,Palm Beach (561),5614305469,Integrity Roofing & Waterproofing Inc,Roofing contractor,3395 Dixie Hwy Bay 5,Boca Raton,FL,33431,,561,,RR-332,roofing-contractor-partner,BOCA RATON
2003,Roofing-Palm-Beach,RRSOFLA,Palm Beach (561),5614478300,Keystone Construction & Restoration,Roofing contractor,4160 NW 1st Ave Ste 12,Boca Raton,FL,33431,,561,,RR-325,roofing-contractor-partner,BOCA RATON
2003,Roofing-Palm-Beach,RRSOFLA,Palm Beach (561),5614502118,Blues Brothers Roofing Company,Roofing contractor,4260 NW 1st Ave Ste 47,Boca Raton,FL,33431,,561,,RR-328,roofing-contractor-partner,BOCA RATON
2003,Roofing-Palm-Beach,RRSOFLA,Palm Beach (561),5614718363,Byrne Roofing Inc,Roofing contractor,1351 Ranchette Rd,West Palm Beach,FL,33415,,561,,RR-300,roofing-contractor-partner,WEST PALM BEACH
2003,Roofing-Palm-Beach,RRSOFLA,Palm Beach (561),5615027663,Southern Exterior Restoration,Roofing contractor,,West Palm Beach,FL,33401,,561,,RR-303,roofing-contractor-partner,WEST PALM BEACH
2003,Roofing-Palm-Beach,RRSOFLA,Palm Beach (561),5615075651,Daley Brothers Roofing Inc,Roofing contractor,13531 51st Pl N,West Palm Beach,FL,33411,,561,,RR-307,roofing-contractor-partner,WEST PALM BEACH
2003,Roofing-Palm-Beach,RRSOFLA,Palm Beach (561),5615421915,Boca Raton Roofing Repair,Roofing contractor,995 SW 14th St,Boca Raton,FL,33486,,561,,RR-334,roofing-contractor-partner,BOCA RATON
2003,Roofing-Palm-Beach,RRSOFLA,Palm Beach (561),5615473742,Bossler Roofing Inc,Roofing contractor,2385 NW Executive Center Dr,Boca Raton,FL,33431,,561,,RR-337,roofing-contractor-partner,BOCA RATON
2003,Roofing-Palm-Beach,RRSOFLA,Palm Beach (561),5616309070,Roof B Kleen,Roofing contractor,,West Palm Beach,FL,33401,,561,,RR-293,roofing-contractor-partner,WEST PALM BEACH
2003,Roofing-Palm-Beach,RRSOFLA,Palm Beach (561),5616628070,A and J Roofing Contractors,Roofing contractor,,West Palm Beach,FL,33401,,561,,RR-291,roofing-contractor-partner,WEST PALM BEACH
2003,Roofing-Palm-Beach,RRSOFLA,Palm Beach (561),5616783951,AAM Industries Inc,Roofing contractor,225 SE 5th Ave,Boynton Beach,FL,33435,,561,,RR-286,roofing-contractor-partner,WEST PALM BEACH
2003,Roofing-Palm-Beach,RRSOFLA,Palm Beach (561),5616881312,J D Roofing Inc,Roofing contractor,,West Palm Beach,FL,33409,,561,,RR-301,roofing-contractor-partner,WEST PALM BEACH
2003,Roofing-Palm-Beach,RRSOFLA,Palm Beach (561),5616890268,Storm Roofing Inc,Roofing contractor,552 Santa Fe Rd,West Palm Beach,FL,33406,,561,,RR-298,roofing-contractor-partner,WEST PALM BEACH
2003,Roofing-Palm-Beach,RRSOFLA,Palm Beach (561),5617049223,Rich Moore Roofing LLC,Roofing contractor,101 Rosemont Ct,Atlantis,FL,33462,,561,,RR-290,roofing-contractor-partner,WEST PALM BEACH
2003,Roofing-Palm-Beach,RRSOFLA,Palm Beach (561),5617140441,Linden Pressure & Roof Cleaning,Roofing contractor,,West Palm Beach,FL,33407,,561,,RR-302,roofing-contractor-partner,WEST PALM BEACH
2003,Roofing-Palm-Beach,RRSOFLA,Palm Beach (561),5617219921,Therma Seal Roof Systems Inc,Roofing contractor,1334 S Killian Dr,West Palm Beach,FL,33403,,561,,RR-299,roofing-contractor-partner,WEST PALM BEACH
2003,Roofing-Palm-Beach,RRSOFLA,Palm Beach (561),5617236775,Built Right Roofing Inc,Roofing contractor,777 S Flagler Dr Ste 800,West Palm Beach,FL,33401,,561,,RR-304,roofing-contractor-partner,WEST PALM BEACH
2003,Roofing-Palm-Beach,RRSOFLA,Palm Beach (561),5617257839,Carpenters Roofing & Sheet Metal,Roofing contractor,1701 W 10th St,Riviera Beach,FL,33404,,561,,RR-287,roofing-contractor-partner,WEST PALM BEACH
2003,Roofing-Palm-Beach,RRSOFLA,Palm Beach (561),5617684238,Joseph Ward Enterprises Inc,Roofing contractor,337 1st St,Jupiter,FL,33458,,561,,RR-285,roofing-contractor-partner,WEST PALM BEACH
2003,Roofing-Palm-Beach,RRSOFLA,Palm Beach (561),5617787800,Whale Roofing & Construction,Roofing contractor,1825 NW Corporate Blvd Ste 110,Boca Raton,FL,33431,,561,,RR-336,roofing-contractor-partner,BOCA RATON
2003,Roofing-Palm-Beach,RRSOFLA,Palm Beach (561),5617836206,Forte Roofing,Roofing contractor,2431 NE 5th Ave,Boca Raton,FL,33431,,561,,RR-330,roofing-contractor-partner,BOCA RATON
2003,Roofing-Palm-Beach,RRSOFLA,Palm Beach (561),5617955566,Roofing Systems of Florida Inc,Roofing contractor,583 105th Ave N,Royal Palm Beach,FL,33411,,561,,RR-294,roofing-contractor-partner,WEST PALM BEACH
2003,Roofing-Palm-Beach,RRSOFLA,Palm Beach (561),5617987393,Neil O'Neal Jr Roofing,Roofing contractor,,West Palm Beach,FL,33413,,561,,RR-306,roofing-contractor-partner,WEST PALM BEACH
2003,Roofing-Palm-Beach,RRSOFLA,Palm Beach (561),5618349398,Robert G Hartmann Roofing,Roofing contractor,,West Palm Beach,FL,33401,,561,,RR-288,roofing-contractor-partner,WEST PALM BEACH
2003,Roofing-Palm-Beach,RRSOFLA,Palm Beach (561),5618426943,Ranger Roofing Corp,Roofing contractor,1508 53rd St,West Palm Beach,FL,33407,,561,,RR-295,roofing-contractor-partner,WEST PALM BEACH
2003,Roofing-Palm-Beach,RRSOFLA,Palm Beach (561),5618611350,Mighty Dog Roofing of Boca Raton,Roofing contractor,4800 N Federal Hwy Ste 200,Boca Raton,FL,33431,,561,,RR-335,roofing-contractor-partner,BOCA RATON
2003,Roofing-Palm-Beach,RRSOFLA,Palm Beach (561),5618956009,TXB Roofing,Roofing contractor,,Boca Raton,FL,33432,,561,,RR-323,roofing-contractor-partner,BOCA RATON
2003,Roofing-Palm-Beach,RRSOFLA,Palm Beach (561),5619078422,Three Guys Roofing Inc,Roofing contractor,3866 Prospect Ave,West Palm Beach,FL,33404,,561,,RR-305,roofing-contractor-partner,WEST PALM BEACH
2003,Roofing-Palm-Beach,RRSOFLA,Palm Beach (561),5619182477,CLS Roofing Contractor of Boca Raton,Roofing contractor,4301 Oak Cir Ste 18,Boca Raton,FL,33431,,561,,RR-333,roofing-contractor-partner,BOCA RATON
2004,Roofing-Orlando-Central,RRSOFLA,Orlando/Central (407/321/689),6892059678,Allstate Exteriors,Roofing contractor,1210 Tropic Park Dr,Sanford,FL,32773,,407/321/689,,RR-155,roofing-contractor-partner,SANFORD
2004,Roofing-Orlando-Central,RRSOFLA,Orlando/Central (407/321/689),6892624319,Brite Top Roofing,Roofing contractor,,Orlando,FL,32859,,407/321/689,,RR-013,roofing-contractor-partner,
2002,Roofing-Broward,RRSOFLA,Broward (954/754),7542402600,Byalik Roofing,Roofing contractor,2001 Hollywood Blvd Unit 3700,Hollywood,FL,33020,,954/754,,RR-319,roofing-contractor-partner,HOLLYWOOD
2001,Roofing-Miami-Dade,RRSOFLA,Miami-Dade (305/786),7862227507,PRS Roofing Systems,Roofing contractor,1007 N Federal Hwy,Fort Lauderdale,FL,33304,,305/786,,RR-281,roofing-contractor-partner,FT LAUDERDALE
2001,Roofing-Miami-Dade,RRSOFLA,Miami-Dade (305/786),7862806826,JP Roofing Corp,Roofing contractor,5722 SW 3rd St,Miami,FL,33144,,305/786,,RR-261,roofing-contractor-partner,MIAMI
2001,Roofing-Miami-Dade,RRSOFLA,Miami-Dade (305/786),7863749269,Gold Star Roofing of Florida Corp,Roofing contractor,,Miami,FL,33184,,305/786,,RR-238,roofing-contractor-partner,MIAMI
2001,Roofing-Miami-Dade,RRSOFLA,Miami-Dade (305/786),7864125354,Dade Professional Roofing Corp,Roofing contractor,971 NW 35th Ave,Miami,FL,33125,,305/786,,RR-245,roofing-contractor-partner,MIAMI
2001,Roofing-Miami-Dade,RRSOFLA,Miami-Dade (305/786),7864614843,Champion Roof Consultant Inc,Roofing contractor,,Miami,FL,33131,,305/786,,RR-254,roofing-contractor-partner,MIAMI
2001,Roofing-Miami-Dade,RRSOFLA,Miami-Dade (305/786),7865249900,Roof King,Roofing contractor,111 NE 1st St Ste 800,Miami,FL,33132,,305/786,,RR-258,roofing-contractor-partner,MIAMI
2001,Roofing-Miami-Dade,RRSOFLA,Miami-Dade (305/786),7867016361,Andrew Palmer Roofing,Roofing contractor,22790 S Dixie Hwy,Miami,FL,33170,,305/786,,RR-237,roofing-contractor-partner,MIAMI
2001,Roofing-Miami-Dade,RRSOFLA,Miami-Dade (305/786),7868012920,Navarro Roofing,Roofing contractor,3950 SW 87th Ct,Miami,FL,33165,,305/786,,RR-235,roofing-contractor-partner,MIAMI
2001,Roofing-Miami-Dade,RRSOFLA,Miami-Dade (305/786),7868083141,A Palmer Roofing,Roofing contractor,22790 S Dixie Hwy,Miami,FL,33170,,305/786,,RR-236,roofing-contractor-partner,MIAMI
2001,Roofing-Miami-Dade,RRSOFLA,Miami-Dade (305/786),7868796076,Roof Leak Repairs Now,Roofing contractor,,Doral,FL,33178,,305/786,,RR-243,roofing-contractor-partner,MIAMI/DORAL
2009,Roofing-Other,RRSOFLA,Other/Toll-free,8009776638,Elevate Roofing and Exteriors,Roofing contractor,1500 Herring Ln,Clermont,FL,34714,,manual,,RR-130,roofing-contractor-partner,CLERMONT
2009,Roofing-Other,RRSOFLA,Other/Toll-free,8135991517,Arc Roofing & Restoration,Roofing contractor,2957 Canter Ln,Kissimmee,FL,34746,,manual,,RR-105,roofing-contractor-partner,KISSIMMEE
2009,Roofing-Other,RRSOFLA,Other/Toll-free,8333727663,3MG Roofing & Solar,Roofing contractor,1127 Solana Ave,Winter Park,FL,32789,,manual,,RR-058,roofing-contractor-partner,WINTER PARK
2009,Roofing-Other,RRSOFLA,Other/Toll-free,8334077663,Construction Unlimited Roofing,Roofing contractor,2578 Clark St Ste 1,Apopka,FL,32703,,manual,,RR-168,roofing-contractor-partner,APOPKA
2009,Roofing-Other,RRSOFLA,Other/Toll-free,8334843872,Duraverde JN Roofing & Construction,Roofing contractor,,Orlando,FL,32817,,manual,,RR-046,roofing-contractor-partner,
2009,Roofing-Other,RRSOFLA,Other/Toll-free,8552758883,Hytz Roofing Inc,Roofing contractor,540 International Pkwy,Lake Mary,FL,32746,,manual,,RR-197,roofing-contractor-partner,LAKE MARY
2009,Roofing-Other,RRSOFLA,Other/Toll-free,8556437663,Next Dimension Roofing,Roofing contractor,2221 Lee Rd Ste 21,Winter Park,FL,32789,,manual,,RR-064,roofing-contractor-partner,WINTER PARK
2009,Roofing-Other,RRSOFLA,Other/Toll-free,8633000967,Poinciana Pro Roofers,Roofing contractor,716 Caribou Dr,Kissimmee,FL,34759,,manual,,RR-106,roofing-contractor-partner,KISSIMMEE
2009,Roofing-Other,RRSOFLA,Other/Toll-free,8636827663,A Action Services / America's Roofing,Roofing contractor,2607 Roughside Cir,Kissimmee,FL,34746,,manual,,RR-095,roofing-contractor-partner,KISSIMMEE
2009,Roofing-Other,RRSOFLA,Other/Toll-free,8885210279,Family First Roofing,Roofing contractor,,Orlando,FL,32836,,manual,,RR-012,roofing-contractor-partner,Verify local DID
2009,Roofing-Other,RRSOFLA,Other/Toll-free,8886041668,Storm Contracting,Roofing contractor,4027 W State Road 46,Sanford,FL,32771,,manual,,RR-151,roofing-contractor-partner,SANFORD
2009,Roofing-Other,RRSOFLA,Other/Toll-free,8889066670,Compare Roofing Experts,Roofing contractor,,Orlando,FL,32859,,manual,,RR-041,roofing-contractor-partner,Serving Orlando
2009,Roofing-Other,RRSOFLA,Other/Toll-free,9047516112,Bigfoot Roofing & Construction,Roofing contractor,1984 Alafaya Trl Ste 1010,Oviedo,FL,32765,,manual,,RR-226,roofing-contractor-partner,OVIEDO
2002,Roofing-Broward,RRSOFLA,Broward (954/754),9542147214,Premier Construction Contractors,Roofing contractor,,Fort Lauderdale,FL,33309,,954/754,,RR-276,roofing-contractor-partner,FT LAUDERDALE
2002,Roofing-Broward,RRSOFLA,Broward (954/754),9542529010,Security Roofing Systems Inc,Roofing contractor,2960 NW 2nd Ave,Boca Raton,FL,33431,,954/754,,RR-331,roofing-contractor-partner,BOCA RATON
2002,Roofing-Broward,RRSOFLA,Broward (954/754),9542566011,A & A Roofing Contractors Inc,Roofing contractor,2026 Grant St,Hollywood,FL,33020,,954/754,,RR-320,roofing-contractor-partner,HOLLYWOOD
2002,Roofing-Broward,RRSOFLA,Broward (954/754),9542711321,Quality Miami Roofing Services,Roofing contractor,7900 NW 27th Ave Ste E233,Miami,FL,33147,,954/754,,RR-255,roofing-contractor-partner,MIAMI
2002,Roofing-Broward,RRSOFLA,Broward (954/754),9542896336,Florida's Best Roofing Services,Roofing contractor,702 NW 6th Ave,Fort Lauderdale,FL,33311,,954/754,,RR-279,roofing-contractor-partner,FT LAUDERDALE
2002,Roofing-Broward,RRSOFLA,Broward (954/754),9543002343,Shark Roofing Corp,Roofing contractor,757 SE 17th St,Fort Lauderdale,FL,33316,,954/754,,RR-271,roofing-contractor-partner,FT LAUDERDALE
2002,Roofing-Broward,RRSOFLA,Broward (954/754),9544750610,Nast Roofing Co,Roofing contractor,138 W State Road 84,Fort Lauderdale,FL,33315,,954/754,,RR-273,roofing-contractor-partner,FT LAUDERDALE
2002,Roofing-Broward,RRSOFLA,Broward (954/754),9544910993,Scotte Roofing Co,Roofing contractor,41 NE 47th St,Fort Lauderdale,FL,33334,,954/754,,RR-267,roofing-contractor-partner,FT LAUDERDALE
2002,Roofing-Broward,RRSOFLA,Broward (954/754),9545241322,Modern Roofing Inc,Roofing contractor,700 NW 7th Ave,Fort Lauderdale,FL,33311,,954/754,,RR-272,roofing-contractor-partner,FT LAUDERDALE
2002,Roofing-Broward,RRSOFLA,Broward (954/754),9545269980,Quality Fort Lauderdale Roofing Services,Roofing contractor,2126 Tyler St,Hollywood,FL,33020,,954/754,,RR-318,roofing-contractor-partner,HOLLYWOOD
2002,Roofing-Broward,RRSOFLA,Broward (954/754),9545431777,Giant Roofing,Roofing contractor,3363 Sheridan St Ste 211,Hollywood,FL,33021,,954/754,,RR-316,roofing-contractor-partner,HOLLYWOOD
2002,Roofing-Broward,RRSOFLA,Broward (954/754),9545538930,Tip Top Roofing & Repairs,Roofing contractor,,Fort Lauderdale,FL,33301,,954/754,,RR-265,roofing-contractor-partner,FT LAUDERDALE
2002,Roofing-Broward,RRSOFLA,Broward (954/754),9545650272,Above All A Good Roof,Roofing contractor,1251 NE 9th Ave,Fort Lauderdale,FL,33304,,954/754,,RR-268,roofing-contractor-partner,FT LAUDERDALE
2002,Roofing-Broward,RRSOFLA,Broward (954/754),9546001462,Planet Roofing,Roofing contractor,100 N Federal Hwy,Fort Lauderdale,FL,33301,,954/754,,RR-269,roofing-contractor-partner,FT LAUDERDALE
2002,Roofing-Broward,RRSOFLA,Broward (954/754),9546808588,Chase Roofing & Contracting Inc,Roofing contractor,12323 SW 55th St Ste 1005,Cooper City,FL,33330,,954/754,,RR-264,roofing-contractor-partner,FT LAUDERDALE
2002,Roofing-Broward,RRSOFLA,Broward (954/754),9546804246,Roger Drake Roofing Inc,Roofing contractor,4580 SW 33rd Ave,Fort Lauderdale,FL,33312,,954/754,,RR-275,roofing-contractor-partner,FT LAUDERDALE
2002,Roofing-Broward,RRSOFLA,Broward (954/754),9546849491,Soleil Roofing Inc,Roofing contractor,630 SW 4th Ave,Fort Lauderdale,FL,33315,,954/754,,RR-274,roofing-contractor-partner,FT LAUDERDALE
2002,Roofing-Broward,RRSOFLA,Broward (954/754),9546969582,Bill & Nate's Roofing,Roofing contractor,3021 SW 9th St,Fort Lauderdale,FL,33312,,954/754,,RR-282,roofing-contractor-partner,FT LAUDERDALE
2002,Roofing-Broward,RRSOFLA,Broward (954/754),9546982255,Alex the Roofer,Roofing contractor,2636 Grant St,Hollywood,FL,33020,,954/754,,RR-321,roofing-contractor-partner,HOLLYWOOD
2002,Roofing-Broward,RRSOFLA,Broward (954/754),9546990309,Hollywood Roofers,Roofing contractor,2351 Thomas St,Hollywood,FL,33020,,954/754,,RR-315,roofing-contractor-partner,HOLLYWOOD
2002,Roofing-Broward,RRSOFLA,Broward (954/754),9547072567,O'John Roofing,Roofing contractor,207 Dorchester Sq,Lake Mary,FL,32746,,954/754,,RR-142,roofing-contractor-partner,SANFORD/LAKE MARY
2002,Roofing-Broward,RRSOFLA,Broward (954/754),9547337332,Grace Roofing & Sheet Metal,Roofing contractor,1786 NW 38th Ave,Fort Lauderdale,FL,33311,,954/754,,RR-270,roofing-contractor-partner,FT LAUDERDALE
2002,Roofing-Broward,RRSOFLA,Broward (954/754),9547647630,Flooker Roofing Inc,Roofing contractor,1021 NW 1st St,Fort Lauderdale,FL,33311,,954/754,,RR-262,roofing-contractor-partner,FT LAUDERDALE
2002,Roofing-Broward,RRSOFLA,Broward (954/754),9547761931,Osborne Roofing Company,Roofing contractor,942 NW 56th St,Fort Lauderdale,FL,33309,,954/754,,RR-266,roofing-contractor-partner,FT LAUDERDALE
2002,Roofing-Broward,RRSOFLA,Broward (954/754),9547874026,Kairos Roofing,Roofing contractor,2190 W State Road 84,Fort Lauderdale,FL,33312,,954/754,,RR-283,roofing-contractor-partner,FT LAUDERDALE
2002,Roofing-Broward,RRSOFLA,Broward (954/754),9548000570,Hurricane Heroes Roofing Solar & Impact Window,Roofing contractor,1700 N Dixie Hwy,Boca Raton,FL,33432,,954/754,,RR-338,roofing-contractor-partner,BOCA RATON
2002,Roofing-Broward,RRSOFLA,Broward (954/754),9548073703,Reviv Roof,Roofing contractor,1000 N Victoria Park Rd,Fort Lauderdale,FL,33304,,954/754,,RR-280,roofing-contractor-partner,FT LAUDERDALE
2002,Roofing-Broward,RRSOFLA,Broward (954/754),9548229136,Ace Calloway Roofing,Roofing contractor,2646 Johnson St,Hollywood,FL,33020,,954/754,,RR-322,roofing-contractor-partner,HOLLYWOOD
2002,Roofing-Broward,RRSOFLA,Broward (954/754),9548803191,Gutter It Up Inc,Roofing contractor,4715 Orange Dr,Davie,FL,33314,,954/754,,RR-263,roofing-contractor-partner,FT LAUDERDALE
2002,Roofing-Broward,RRSOFLA,Broward (954/754),9549207688,Pioneer Roofing Co Inc,Roofing contractor,2026 Grant St,Hollywood,FL,33020,,954/754,,RR-313,roofing-contractor-partner,HOLLYWOOD
2002,Roofing-Broward,RRSOFLA,Broward (954/754),9549227383,White Seal Roofing,Roofing contractor,2015 Coolidge St,Hollywood,FL,33020,,954/754,,RR-310,roofing-contractor-partner,HOLLYWOOD
2002,Roofing-Broward,RRSOFLA,Broward (954/754),9549235100,Universal Roofing Inc,Roofing contractor,2020 Thomas St,Hollywood,FL,33020,,954/754,,RR-309,roofing-contractor-partner,HOLLYWOOD
2002,Roofing-Broward,RRSOFLA,Broward (954/754),9549619879,J & K Roofing Inc,Roofing contractor,2010 Sherman St,Hollywood,FL,33020,,954/754,,RR-308,roofing-contractor-partner,HOLLYWOOD
2002,Roofing-Broward,RRSOFLA,Broward (954/754),9549671918,Thompson's Roofing,Roofing contractor,8570 Stirling Rd Ste 102,Hollywood,FL,33024,,954/754,,RR-317,roofing-contractor-partner,HOLLYWOOD
2002,Roofing-Broward,RRSOFLA,Broward (954/754),9549708565,Decktight Roofing Services Inc,Roofing contractor,6680 NW 17th Ave,Fort Lauderdale,FL,33309,,954/754,,RR-278,roofing-contractor-partner,FT LAUDERDALE
2002,Roofing-Broward,RRSOFLA,Broward (954/754),9549940914,A to Z GC Home Improvement,Roofing contractor,5933 Ravenswood Rd Bb3,Fort Lauderdale,FL,33312,,954/754,,RR-284,roofing-contractor-partner,FT LAUDERDALE
