npa,nxx,phone_number,company,address1,city,state,postal_code,market,email,vendor_lead_code
305,210,3052101010,Century Roofing Specialists (Hollywood),1200 N Federal Hwy,Hollywood,FL,33020,HOLLYWOOD,,RR-314
305,224,3052248270,Dennis Roofing,,Miami,FL,33101,MIAMI,,RR-241
305,225,3052251535,Extreme Roofing,2910 SW 109th Ave,Miami,FL,33165,MIAMI,,RR-252
305,255,3052554004,Aztec Roofing,12950 SW 189th St,Miami,FL,33177,MIAMI,,RR-253
305,301,3053011621,Armandos Roofing Inc,,Miami,FL,33157,MIAMI,,RR-244
305,305,3053059195,Ram Roofing,5712 NE 4th Ave,Miami,FL,33137,MIAMI,,RR-248
305,432,3054329789,Full Cover Roofing,13290 SW 88th Ln,Miami,FL,33186,MIAMI,,RR-257
305,454,3054542644,L Cortes Construction Services,18786 NW 79th Way,Hialeah,FL,33015,MIAMI/HIALEAH,,RR-240
305,634,3056348144,Arpaico Inc,3078 NW 13th St,Miami,FL,33125,MIAMI,,RR-260
305,642,3056427663,Perkins Roofing Miami,575 NW 152nd St,Miami,FL,33169,MIAMI,,RR-246
305,661,3056615454,Manuel Joya Roofing,7054 SW 44th St,Miami,FL,33155,MIAMI,,RR-251
305,666,3056662323,Victoria Roofing,4220 SW 71st Ave,Miami,FL,33155,MIAMI,,RR-250
305,672,3056723749,Diversified Roofing,170 NW 68th St,Miami,FL,33150,MIAMI,,RR-249
305,676,3056764127,Keys Roofing Inc,101761 Overseas Hwy,Key Largo,FL,33037,MIAMI/KEYS,,RR-239
305,696,3056966767,RN Palmer Roofing,17055 SW 190th St Ste 66,Miami,FL,33157,MIAMI,,RR-259
305,757,3057572612,Obenour Roofing Sheet Metal & Supply Co,9822 NE 2nd Ave Ste 9,Miami Shores,FL,33138,MIAMI,,RR-242
305,895,3058959237,Perfect Roofing and Services Inc,284 NE 116th St,Miami,FL,33161,MIAMI,,RR-256
305,902,3059022302,William Seay Fair Roofing,2020 Taylor St Apt 2C,Hollywood,FL,33020,HOLLYWOOD,,RR-311
305,908,3059084512,Blue Steel Construction,106 S Federal Hwy,Fort Lauderdale,FL,33301,FT LAUDERDALE,,RR-277
305,969,3059692020,Florida Roofing,13910 SW 102nd Ave,Miami,FL,33176,MIAMI,,RR-247
305,992,3059924790,Florida Roofing And Coating LLC,,Hollywood,FL,33020,HOLLYWOOD,,RR-312
321,217,3212176303,Empire Roofing Inc (Apopka),319 W Orange Blossom Trl,Apopka,FL,32712,APOPKA,,RR-171
321,217,3212177463,H2Ow Roofing,1701 Sunfish St,Saint Cloud,FL,34771,ST CLOUD,,RR-218
321,229,3212297742,Atalski Roofing,111 Olympus Dr,Ocoee,FL,34761,OCOEE,,RR-182
321,233,3212336832,Roof Techs of Florida,100 Dresdan Ct,Sanford,FL,32771,SANFORD,,RR-152
321,236,3212364184,R West Roofing (line 2),,Orlando,FL,32859,Serving area,,RR-042
321,244,3212444699,Rapid Roofing Services,1802 W Broadway St,Oviedo,FL,32765,OVIEDO,,RR-234
321,262,3212620584,Ray's Roofing,250 International Pkwy,Lake Mary,FL,32746,LAKE MARY,,RR-199
321,295,3212957404,Tag Restoration Services,1350 Orange Ave,Winter Park,FL,32789,WINTER PARK,,RR-073
321,299,3212993591,Top Notch Roofing Inc,2888 W Lake Mary Blvd,Lake Mary,FL,32746,LAKE MARY,,RR-187
321,316,3213163940,Winter Park Roof Installed & Repair,2617 W Fairbanks Ave,Winter Park,FL,32789,WINTER PARK,,RR-080
321,317,3213174515,B Brothers Services Inc,6409 Sardina Blvd,Orlando,FL,32818,,,RR-038
321,321,3213212004,Best Kissimmee Roofing,5245 W Irlo Bronson Memorial Hwy,Kissimmee,FL,34746,KISSIMMEE,,RR-104
321,321,3213217661,James & Sons Roofing,316 N John Young Pkwy,Kissimmee,FL,34741,KISSIMMEE,,RR-100
321,321,3213217950,Joseph's Roof Install,4063 N Goldenrod Rd,Winter Park,FL,32792,WINTER PARK,,RR-083
321,321,3213214406,Robert & Sons Kissimmee Roofing,1101 Miranda Ln,Kissimmee,FL,34741,KISSIMMEE,,RR-103
321,325,3213254673,Cloud Roof Repair,2090 Old Hickory Tree Rd,Saint Cloud,FL,34772,ST CLOUD,,RR-209
321,327,3213279414,Deluxe Sanford Roof Repair,2200 S French Ave,Sanford,FL,32771,SANFORD,,RR-147
321,328,3213284187,Clark Family Roofing,3100 17th St,Saint Cloud,FL,34769,ST CLOUD,,RR-211
321,329,3213291705,Ultimate Ocoee Roof Repair,319 West Rd,Ocoee,FL,34761,OCOEE,,RR-176
321,340,3213402590,Revive Roofing & Construction,17550 Cobblestone Ln,Clermont,FL,34711,CLERMONT,,RR-129
321,348,3213489155,Jasper Roofing Contractors,4185 S Orlando Dr,Sanford,FL,32773,SANFORD,,RR-154
321,355,3213551234,New Edge Construction,801 International Pkwy,Lake Mary,FL,32746,LAKE MARY,,RR-204
321,360,3213607663,4 Seasons Roofing Systems,1950 Lee Rd,Winter Park,FL,32789,WINTER PARK,,RR-060
321,360,3213607500,Clarence & Sons Roofing,203 E 3rd St Unit 6,Sanford,FL,32771,SANFORD,,RR-162
321,364,3213643200,Winter Park Roofing & Repairs,180 S Knowles Ave Ste 8,Winter Park,FL,32789,WINTER PARK,,RR-055
321,367,3213677171,Premium Roofing & Construction,107 N Line Dr,Apopka,FL,32703,APOPKA,,RR-165
321,402,3214021227,Nationwide Roofing,1750 Mohave Ct,Saint Cloud,FL,34772,ST CLOUD,,RR-212
321,414,3214144442,Lake Mary Roof Repair,255 Primera Blvd,Lake Mary,FL,32746,LAKE MARY,,RR-189
321,422,3214220035,Contractor Roofing Service,2238 Winter Woods Blvd,Winter Park,FL,32792,WINTER PARK,,RR-075
321,441,3214412300,Collis Roofing,,Winter Garden,FL,34787,WINTER GARDEN,,RR-109
321,444,3214447640,Heritage Roofing & Gutters Inc,5350 McIntosh Pt Ste 114,Sanford,FL,32773,SANFORD,,RR-157
321,478,3214789567,Ultimate Oviedo Roof Install,269 Aulin Ave,Oviedo,FL,32765,OVIEDO,,RR-229
321,483,3214834899,RoofTek,2630 Sanford Ave,Sanford,FL,32773,SANFORD,,RR-148
321,492,3214920800,CRBN Roofing Experts,950 N Central Ave,Oviedo,FL,32765,OVIEDO,,RR-232
321,504,3215046282,Rock Roofing,265 W Lakeview Ave,Lake Mary,FL,32746,LAKE MARY,,RR-203
321,512,3215124633,407 Constructions Pro,3351 Whitestone Cir,Kissimmee,FL,34741,KISSIMMEE,,RR-102
321,521,3215212628,Home Pros Roofing and Contracting,1935 Rafton Rd,Apopka,FL,32703,APOPKA,,RR-164
321,521,3215212376,JM's #1 Roofing,,Ocoee,FL,34761,OCOEE,,RR-184
321,547,3215475092,United Roofing,,Orlando,FL,32859,Serving Orlando,,RR-040
321,614,3216149689,J & M Roofing & Construction,2019 Pirie Pl,Saint Cloud,FL,34769,ST CLOUD,,RR-210
321,626,3216260339,BFARR Contracting,3500 Aloma Ave,Winter Park,FL,32792,WINTER PARK,,RR-063
321,638,3216380655,3MG Roofing & Solar (line 2),1127 Solana Ave,Winter Park,FL,32789,WINTER PARK alt line,,RR-092
321,805,3218053316,Reliable Roof Repair,900 13th St,Saint Cloud,FL,34769,ST CLOUD,,RR-214
321,832,3218328341,Allman Roofing,1215 Wynn St,Sanford,FL,32773,SANFORD,,RR-141
321,895,3218954933,Fix My Roofs,1109 Eastern Ave,Saint Cloud,FL,34769,ST CLOUD,,RR-215
321,947,3219470250,Bobcat Roofing,2021 W Fairbanks Ave,Winter Park,FL,32789,WINTER PARK,,RR-061
321,972,3219722577,Speer Roofing & Construction,400 N New York Ave,Winter Park,FL,32789,WINTER PARK,,RR-056
352,227,3522273098,Veritas Roofers,5036 Dr Phillips Blvd Ste 287,Orlando,FL,32819,PRIORITY Dr Phillips Blvd,,RR-007
352,241,3522419677,Roof Control Services,936 10th St,Clermont,FL,34711,CLERMONT,,RR-124
352,242,3522425055,Comfort Seal Roof Systems,614 E Highway 50,Clermont,FL,34711,CLERMONT,,RR-133
352,243,3522437977,We Know Roofing,11525 Kingfisher Dr,Clermont,FL,34711,CLERMONT,,RR-136
352,317,3523179778,Formonix Roofing,3559 S Orange Ave,Orlando,FL,32806,,,RR-037
352,352,3523529298,Red Turtle Roofing Minneola,3387 Grassy Lake View Ave,Clermont,FL,34715,CLERMONT,,RR-127
352,394,3523946461,Smith Roofing Inc,284 W Minneola Ave,Clermont,FL,34711,CLERMONT,,RR-123
352,459,3524597077,Premium Roofing & Restoration LLC,,Winter Garden,FL,34787,WINTER GARDEN,,RR-121
352,488,3524889064,Jim's Contracting,,Orlando,FL,32859,Serving area,,RR-043
352,552,3525526567,Weather All Roofing (line 2),,Winter Garden,FL,34787,WINTER GARDEN,,RR-117
352,636,3526368861,James Strickland - Janney Roofing,674 W Minneola Ave,Clermont,FL,34711,CLERMONT,,RR-131
352,705,3527052869,Horizon West Roofing,2755 Border Lake Rd,Apopka,FL,32703,APOPKA,,RR-167
352,721,3527210398,Titan Roofing,450 E Highway 50 Ste 3,Clermont,FL,34711,CLERMONT,,RR-125
352,752,3527527472,David's Clermont Roofing,1635 E Highway 50,Clermont,FL,34711,CLERMONT,,RR-126
352,790,3527905300,EDCK Roofing,250 Citrus Tower Blvd Ste 603,Clermont,FL,34711,CLERMONT,,RR-135
352,901,3529012955,Roofs For Everyone,1674 Grandeflora Ave,Clermont,FL,34711,CLERMONT,,RR-140
352,936,3529360068,Raven Roofing Ltd,200 Bloxam Ave,Clermont,FL,34711,CLERMONT,,RR-134
386,631,3866315566,Pinnacle Roofing Group,,Orlando,FL,32836,Lic CCC1332542,,RR-010
407,203,4072034825,His and Hers Roofing,515 18th St,Orlando,FL,32805,WINTER GARDEN svc,,RR-108
407,214,4072144872,Universal Roof And Contracting,5655 Carder Rd,Orlando,FL,32810,,,RR-026
407,223,4072236101,Mejia Remodeling Company,3811 Double Eagle Dr,Orlando,FL,32839,,,RR-039
407,227,4072272044,Liquid Roof Doctors LLC,1035 Primera Blvd Ste 1041,Lake Mary,FL,32746,LAKE MARY,,RR-202
407,230,4072303858,Greenway Roofing of Florida,16 N Orlando Ave,Kissimmee,FL,34741,KISSIMMEE,,RR-096
407,253,4072532221,Keeping You Dry Roofing,2550 W Colonial Dr,Orlando,FL,32804,,,RR-015
407,257,4072574860,Steele's Roofing,1337 N 6th St,Orlando,FL,32820,,,RR-030
407,264,4072641632,KK Brothers Remodeling Services,3878 Kingston Oaks Cv,Oviedo,FL,32765,OVIEDO,,RR-227
407,268,4072683178,Peet Roofing & Remodeling,1641 Woodland Ave,Winter Park,FL,32789,,,RR-016
407,275,4072759444,The Orlando Roofing Co,,Orlando,FL,32836,PRIORITY 32836; Lic CCC1330550,,RR-003
407,284,4072847329,Menzel Roofing Services LLC,270 E Bahama Rd,Winter Springs,FL,32708,,,RR-052
407,284,4072841738,Oak Crest Roofing,115 Timberlachen Cir,Lake Mary,FL,32746,LAKE MARY,,RR-195
407,293,4072936574,Steppi Roofing Inc,3609 Old Winter Garden Rd,Orlando,FL,32805,,,RR-023
407,299,4072999600,Sunshine Roofing Ocoee Inc,137 Taylor St,Ocoee,FL,34761,OCOEE,,RR-174
407,303,4073032766,Wormley Roofing (WP),,Orlando,FL,32804,,,RR-094
407,305,4073058323,Ron West Roofing,10651 Buck Rd,Orlando,FL,32817,,,RR-029
407,305,4073056657,Xtreme Roofing & Construction,147 Parliament Loop Ste 1001,Lake Mary,FL,32746,LAKE MARY,,RR-186
407,310,4073106748,Florida Seamless Gutters,2632 Pemberton Dr,Apopka,FL,32703,WINTER GARDEN svc,,RR-112
407,316,4073167021,Allegiance Roof Restoration,,Palm City,FL,34990,,,RR-044
407,321,4073211520,All Seasons Roofing Repair,409 W 4th St,Sanford,FL,32771,SANFORD,,RR-158
407,321,4073216553,Senez Roofing,914 Pine Ave,Sanford,FL,32771,SANFORD,,RR-160
407,322,4073229558,Adcock Roofing,800 S French Ave,Sanford,FL,32771,SANFORD,,RR-143
407,322,4073221555,Advanced Roofing of Central FL,3551 W State Road 46,Sanford,FL,32771,SANFORD,,RR-145
407,326,4073269777,Calloway Roofing,2704 Rew Cir Ste 105a,Ocoee,FL,34761,OCOEE,,RR-181
407,326,4073263991,J&M Roofing,3586 Aloma Ave Ste 13,Winter Park,FL,32792,WINTER PARK,,RR-065
407,328,4073287700,Roof-Over America Inc,204 Trieste Loop,Lake Mary,FL,32746,LAKE MARY,,RR-192
407,330,4073307663,Proguard Restoration,641 Monroe Rd,Sanford,FL,32771,SANFORD,,RR-153
407,330,4073309303,Tecta America Central FL Commercial Roofing,588 Monroe Rd,Sanford,FL,32771,SANFORD,,RR-146
407,332,4073321328,Charles H Miksch Inc,,Winter Park,FL,32792,WINTER PARK,,RR-090
407,333,4073330009,Sears Home Improvement Roofing,,Lake Mary,FL,32746,LAKE MARY,,RR-205
407,337,4073378807,Dr Phillips Roofing (verify name),7512 Dr Phillips Blvd,Orlando,FL,32819,PRIORITY; verify name,,RR-006
407,347,4073478347,FBC Roofing,2222 Ocoee Apopka Rd Ste 104,Ocoee,FL,34761,OCOEE,,RR-175
407,348,4073483777,A To Z Coatings Inc,204 E Drury Ave,Kissimmee,FL,34744,KISSIMMEE,,RR-098
407,349,4073499881,R West Roofing,330 Rest Haven Ave,Orlando,FL,32806,,,RR-028
407,359,4073598147,Southern Style Roofing Inc,962 Palmetto St,Oviedo,FL,32765,OVIEDO,,RR-223
407,365,4073658586,Wales Roofing Co,301 Clonts St,Oviedo,FL,32765,OVIEDO,,RR-231
407,393,4073938888,Century Roofing Specialists,121 S Orange Ave Ste 1500,Orlando,FL,32801,,,RR-019
407,395,4073959712,Mac Mar Roofing,403 Maguire Rd,Ocoee,FL,34761,OCOEE,,RR-178
407,403,4074035464,Fellowship Group Roofing,333 12th St,Clermont,FL,34711,CLERMONT,,RR-132
407,407,4074070940,Wormley Roofing,,Orlando,FL,32804,,,RR-045
407,408,4074089298,Stephens Roofing,4761 Florence St,Apopka,FL,32712,,,RR-050
407,420,4074200478,Empire Roofing Orlando,410 Bif Ct,Orlando,FL,32836,PRIORITY 32836,,RR-001
407,423,4074237570,Batson Robert Roofing Inc,2823 E Jersey Ave,Orlando,FL,32806,,,RR-024
407,427,4074272098,SAVITARA General & Roofing Contractors,PO Box 616946,Orlando,FL,32861,WINTER GARDEN svc,,RR-110
407,430,4074307663,Sky Light Roofing,2516 Middleton Ave,Winter Park,FL,32792,,,RR-048
407,431,4074314263,Creative Roofing Specialists,708 Powderhorn Cir,Lake Mary,FL,32746,LAKE MARY,,RR-188
407,435,4074353433,Roofing R Us System Inc,263 Shady Oaks Cir,Lake Mary,FL,32746,LAKE MARY,,RR-191
407,435,4074355148,Synot Roofing & Construction,629 Ellen Dr,Winter Park,FL,32789,WINTER PARK,,RR-074
407,437,4074374146,Mecca Roofing,3005 W Lake Mary Blvd,Lake Mary,FL,32746,LAKE MARY,,RR-190
407,440,4074409140,The Orlando Roofing Co (Hoffner),6682 Hoffner Ave,Orlando,FL,32822,,,RR-014
407,456,4074567663,Fortified Roofing Solutions Corp,2222 Elsinore Ave,Winter Park,FL,32792,WINTER PARK,,RR-057
407,462,4074628504,Elevate Roofing (Oviedo),939 Taramundi Dr,Oviedo,FL,32765,OVIEDO,,RR-230
407,470,4074700315,Bryan's Roofing Inc,2975 Banana Palm Dr,Kissimmee,FL,34747,KISSIMMEE,,RR-107
407,476,4074760260,Roof Top Services of Central FL,37 N Orange Ave Ste 535,Orlando,FL,32801,,,RR-027
407,477,4074772823,Castle Roofing Group,505 Suggs Rd,Apopka,FL,32703,APOPKA,,RR-163
407,498,4074984794,Ron's Roofing & Rain Gutters,25 13th St,Saint Cloud,FL,34769,ST CLOUD,,RR-216
407,498,4074983900,TSK Exteriors,1609 13th St,Saint Cloud,FL,34769,ST CLOUD,,RR-206
407,519,4075193382,ProFormance Roofing (Apopka),2041 N Hiawassee Rd,Apopka,FL,32703,APOPKA,,RR-166
407,521,4075211601,William John Associates,,Winter Garden,FL,34787,WINTER GARDEN,,RR-116
407,540,4075401401,G & A Certified South Roofing,1323 Connecticut Ave,Saint Cloud,FL,34769,ST CLOUD,,RR-208
407,542,4075425903,Pro Roofing & Associate Inc,2895 S Orlando Dr,Sanford,FL,32773,SANFORD,,RR-149
407,542,4075423609,Sunrise Roofing Services,2200 S French Ave,Sanford,FL,32771,SANFORD,,RR-144
407,543,4075430554,KD Roofing,1890 State Road 436,Winter Park,FL,32792,WINTER PARK,,RR-077
407,543,4075437426,Sunstate Roofs Inc,171 Oakwood Way,Winter Park,FL,32789,WINTER PARK,,RR-072
407,546,4075463536,Roofing Company Winter Park (verify),1127 Solana Ave,Winter Park,FL,32789,WINTER PARK; verify,,RR-091
407,559,4075593536,G&A Certified Roofing North,3500 Aloma Ave Ste G-50,Winter Park,FL,32792,WINTER PARK,,RR-079
407,565,4075652537,RACS Roofing & Construction Solutions,2745 W Fairbanks Ave Ste 205,Winter Park,FL,32789,WINTER PARK,,RR-066
407,568,4075687702,Orange County Roofing,19867 Old Lake Pickett Rd,Orlando,FL,32820,,,RR-035
407,574,4075745003,T Mark Roofing Inc,3665 S Orlando Dr,Sanford,FL,32773,SANFORD,,RR-150
407,575,4075750022,Ocean Roofing of Florida,4327 S Highway 27,Clermont,FL,34711,CLERMONT,,RR-128
407,580,4075801036,FRS Flat Roofing,5660 Brighton Park Ln,Orlando,FL,32839,,,RR-025
407,592,4075927360,Megram Construction Roofing,400 W State Road 434 Ste 1016,Oviedo,FL,32765,OVIEDO,,RR-225
407,593,4075930075,Ramflas Roofing Services,2014 Jaffa Dr,Saint Cloud,FL,34771,ST CLOUD,,RR-217
407,595,4075952602,C Sterling Quality Roofing Inc,784 Harold Ave,Winter Park,FL,32789,WINTER PARK,,RR-054
407,599,4075998346,C Sterling Quality Roofing (line 2),535 N Park Ave,Winter Park,FL,32789,WINTER PARK alt line,,RR-093
407,600,4076000396,Centaur Roofing & Construction,1750 W Broadway St Ste 106,Oviedo,FL,32765,OVIEDO,,RR-233
407,602,4076023363,Certified Best Roofing,1065 E Broadway St,Oviedo,FL,32765,OVIEDO,,RR-222
407,607,4076079135,Roof Over America,1951 Palmer Ave,Winter Park,FL,32792,WINTER PARK,,RR-070
407,607,4076074856,The Roofing Doctor,941 W Morse Blvd Ste 100,Winter Park,FL,32789,WINTER PARK,,RR-071
407,617,4076171717,B2 Exterior Solutions,,Orlando,FL,32836,PRIORITY 32836,,RR-002
407,625,4076255866,Stratus Roofing,1081 9th St,Winter Garden,FL,34787,,,RR-051
407,625,4076259738,Weathertite Coatings Inc,755 Oakland Hills Cir Unit 109,Lake Mary,FL,32746,LAKE MARY,,RR-194
407,628,4076284688,Govu Inc,151 S New York Ave,Winter Park,FL,32789,WINTER PARK,,RR-068
407,628,4076289590,Leonhard Roofing,151 S New York Ave,Winter Park,FL,32789,WINTER PARK,,RR-067
407,637,4076375339,Sheegog Contracting,5526 Lake Howell Rd,Winter Park,FL,32792,WINTER PARK,,RR-059
407,647,4076479420,Carroll Bradford Roofing,1925 Prospect Ave Ste 210,Orlando,FL,32814,,,RR-036
407,648,4076481772,All American Roofing North,15 S Dollins Ave,Orlando,FL,32805,WINTER GARDEN svc,,RR-114
407,648,4076488009,Florida Universal Roofing Inc,1808 Acme St,Orlando,FL,32805,,,RR-022
407,650,4076500013,Hodges Brothers Roofing,501 Hames Ave,Orlando,FL,32805,,,RR-021
407,656,4076563396,Sanders Roofing & Sheet Metal,150 Taylor St,Ocoee,FL,34761,OCOEE,,RR-177
407,656,4076563169,Sisson Roofing of Central FL,306 Ocoee Apopka Rd Ste 5,Ocoee,FL,34761,OCOEE,,RR-179
407,657,4076577600,Perry Roofing Contractors Inc,7601 Citrus Ave,Winter Park,FL,32792,WINTER PARK,,RR-084
407,660,4076602212,Tip Top Roofing Company,660 W Kennedy Blvd,Orlando,FL,32810,,,RR-017
407,671,4076716166,D'anna Building & Roofing Inc,2463 Brookshire Ave,Winter Park,FL,32792,WINTER PARK,,RR-088
407,671,4076717604,Southern States Roofing of Central FL,7601 Citrus Ave,Winter Park,FL,32792,WINTER PARK,,RR-085
407,671,4076712666,Winter Park Roofing Inc,3500 Aloma Ave Ste W-1,Winter Park,FL,32792,WINTER PARK,,RR-076
407,672,4076720001,David Lundberg Building & Roofing,1709 Howell Branch Rd,Winter Park,FL,32789,WINTER PARK,,RR-089
407,678,4076789721,Advantage Roofing Inc,6903 Partridge Ln,Orlando,FL,32807,,,RR-018
407,679,4076792070,Fleming Brothers Roofing Co Inc,7601 Citrus Ave,Winter Park,FL,32792,WINTER PARK,,RR-053
407,679,4076794552,Martin Roofing Services Inc,2720 Forsyth Rd,Winter Park,FL,32792,WINTER PARK,,RR-082
407,679,4076797663,Weather All Roofing Inc,1421 Border Dr,Winter Park,FL,32789,WINTER PARK,,RR-087
407,692,4076926576,D&E Roofing,821 N Main St,Kissimmee,FL,34744,KISSIMMEE,,RR-099
407,702,4077020206,Proformance Roofing,1795 E Highway 50,Clermont,FL,34711,CLERMONT,,RR-139
407,704,4077042191,Sisson Roofing of Central FL (line 2),666 California Ave,Ocoee,FL,34761,OCOEE,,RR-180
407,707,4077078271,Alan's Roofing Inc,145 E Sandpiper St,Apopka,FL,32712,,,RR-049
407,710,4077101250,Roofing Brothers of Florida,988 Westwood Sq,Oviedo,FL,32765,OVIEDO,,RR-224
407,717,4077173104,Vortex Roofing & Construction,216 S Holly Ave,Sanford,FL,32771,SANFORD,,RR-161
407,732,4077326563,Next GRC Roofing,115 Commerce St,Lake Mary,FL,32746,LAKE MARY,,RR-200
407,743,4077434583,Professional Choice Roofing,250 International Pkwy Ste 128,Lake Mary,FL,32746,LAKE MARY,,RR-198
407,743,4077434667,TMCG Roofing Corp,1221 Arden Oaks Dr,Ocoee,FL,34761,OCOEE,,RR-183
407,749,4077490808,Schick Roofing,,Orlando,FL,32819,PRIORITY Bay Hill/Dr Phillips,,RR-005
407,754,4077544552,Century Roofing Specialist (line 2),,Winter Garden,FL,34787,WINTER GARDEN,,RR-113
407,759,4077594848,Best Choice Roofing,22 W Monument Ave,Kissimmee,FL,34741,KISSIMMEE,,RR-097
407,761,4077613074,Duffield Roofing,2016 Dutchess Ln,Winter Park,FL,32792,WINTER PARK,,RR-086
407,767,4077674256,Weatherproof Inc,151 S New York Ave,Winter Park,FL,32789,WINTER PARK,,RR-069
407,774,4077740940,Johnson Roofing Orlando,405 Ruth St,Longwood,FL,32779,,,RR-047
407,783,4077838207,Level Roofing,1401 Beulah Rd Ste 120,Winter Garden,FL,34787,WINTER GARDEN,,RR-119
407,790,4077907001,Prolevel Roofing,99 N Central Ave,Oviedo,FL,32765,OVIEDO,,RR-220
407,797,4077970134,Cirilos Roofing Inc,243 W Main St,Apopka,FL,32703,APOPKA,,RR-170
407,830,4078308554,Mid Florida Roofing Inc,275 Evansdale Rd,Lake Mary,FL,32746,LAKE MARY,,RR-185
407,841,4078416471,Tom Tanenbaum Inc,425 Fairvilla Rd,Orlando,FL,32808,,,RR-032
407,843,4078432665,Cut Rite Roofing Inc,,Winter Garden,FL,34787,WINTER GARDEN,,RR-118
407,845,4078459779,Legion Roofing & Construction,830 N John Young Pkwy Ste 860,Kissimmee,FL,34741,KISSIMMEE,,RR-101
407,851,4078510680,Gold Key Roofing,4874 S Orange Ave,Orlando,FL,32806,,,RR-011
407,856,4078569027,RBS Construction and Roofing (South),,Orlando,FL,32837,WINTER GARDEN svc,,RR-111
407,857,4078570098,Edgar Quintin Roofing,1341 W Church St,Orlando,FL,32805,WINTER GARDEN svc,,RR-122
407,857,4078579392,Hartford South Incorporated,7326 S Orange Ave,Orlando,FL,32809,,,RR-020
407,859,4078598163,RBS Construction Roofing,5205 S Orange Ave Ste 102,Orlando,FL,32809,Alt DID 6893049605,,RR-009
407,865,4078659510,All Construction Solutions Svcs,510 Douglas Ave Ste 1019,Altamonte Springs,FL,32714,,,RR-033
407,878,4078783750,Brian Sikes Roofing,1550 N US Highway 17-92,Lake Mary,FL,32746,LAKE MARY,,RR-193
407,878,4078781113,Smart Roofing,1221 W 7th St,Sanford,FL,32771,SANFORD,,RR-159
407,878,4078787320,Sra Roofing,105 Tralee Ct,Lake Mary,FL,32746,LAKE MARY,,RR-196
407,878,4078782225,Zee's Roofing and Construction,4500 Orange Blvd,Sanford,FL,32771,SANFORD,,RR-156
407,883,4078833144,Florida Roof Advisors,1800 Pembrook Dr,Orlando,FL,32819,Near 32836,,RR-008
407,884,4078849777,F W Walton Inc,777 S Park Ave,Apopka,FL,32703,APOPKA,,RR-173
407,884,4078847663,Rizzo Roofing,2714 Cloudcroft Dr,Apopka,FL,32703,WINTER GARDEN svc,,RR-115
407,890,4078907523,JT Roofing Company Oviedo,543 Fern St,Oviedo,FL,32765,OVIEDO,,RR-228
407,891,4078910578,Pohlman Romar Roofing,3770 Cedar Hammock Trl,Saint Cloud,FL,34772,ST CLOUD,,RR-219
407,891,4078917717,Rick Lundberg Roofing,1111 Florida Ave,Saint Cloud,FL,34769,ST CLOUD,,RR-213
407,891,4078917080,Steve Turbeville Roofing,111 E 17th St,Saint Cloud,FL,34769,ST CLOUD,,RR-207
407,900,4079000840,Sustainable Roof Systems,1250 Commons Ct,Clermont,FL,34711,CLERMONT,,RR-138
407,901,4079017380,Timothy Parks Roofing & Construction Inc,614 E Highway 50,Clermont,FL,34711,CLERMONT,,RR-137
407,917,4079174049,Hogan Roofing 407RoofRepair,,Orlando,FL,32836,PRIORITY Dr Phillips,,RR-004
407,924,4079242996,Walker Services,712 Savage Ct,Longwood,FL,32750,,,RR-034
407,930,4079306079,Baker Roofing Company,7033 Stapoint Ct,Winter Park,FL,32792,WINTER PARK,,RR-081
407,930,4079304262,SDPS Inc Roofing & Water Damage,,Orlando,FL,32804,,,RR-031
407,930,4079307663,Stanley's Roofing Inc,2605 Clark St,Apopka,FL,32703,APOPKA,,RR-169
407,949,4079499196,Parlament Roofing & Construction,364 Cooper Palms Pkwy,Apopka,FL,32703,APOPKA,,RR-172
407,951,4079516050,Island Environment,669 Harold Ave,Winter Park,FL,32789,WINTER PARK,,RR-078
407,955,4079555763,Mighty Dog Roofing of Greater NE Orlando,182 S Central Ave,Oviedo,FL,32765,OVIEDO,,RR-221
407,968,4079687738,Central Florida Roofing Group,304 Sprucewood,Lake Mary,FL,32746,LAKE MARY,,RR-201
407,992,4079928807,Winter Garden Roof Repair,13440 W Colonial Dr 21a,Winter Garden,FL,34787,WINTER GARDEN,,RR-120
561,202,5612024954,Master Gutters Inc,1454 Ryan Ln,Royal Palm Beach,FL,33411,WEST PALM BEACH,,RR-292
561,213,5612130756,Royal Palm Roofing,1684 NW Madrid Way,Boca Raton,FL,33432,BOCA RATON,,RR-329
561,225,5612252566,American Roofing Contractors,114 SE Coast St,Lake Worth,FL,33460,WEST PALM BEACH,,RR-289
561,301,5613019753,A A Advanced Roof Restoration,,West Palm Beach,FL,33407,WEST PALM BEACH,,RR-297
561,325,5613257158,Mint Roofing Ltd,1609 NW 2nd Ave,Boca Raton,FL,33432,BOCA RATON,,RR-324
561,335,5613357652,Bravos Roofing Inc,2269 Indian Rd,West Palm Beach,FL,33409,WEST PALM BEACH,,RR-296
561,367,5613678997,Advantage Building & Roofing Corp,1495 Addison Ave,Boca Raton,FL,33486,BOCA RATON,,RR-327
561,417,5614177780,Marzo Roofing,141 NW 20th St,Boca Raton,FL,33431,BOCA RATON,,RR-326
561,430,5614305469,Integrity Roofing & Waterproofing Inc,3395 Dixie Hwy Bay 5,Boca Raton,FL,33431,BOCA RATON,,RR-332
561,447,5614478300,Keystone Construction & Restoration,4160 NW 1st Ave Ste 12,Boca Raton,FL,33431,BOCA RATON,,RR-325
561,450,5614502118,Blues Brothers Roofing Company,4260 NW 1st Ave Ste 47,Boca Raton,FL,33431,BOCA RATON,,RR-328
561,471,5614718363,Byrne Roofing Inc,1351 Ranchette Rd,West Palm Beach,FL,33415,WEST PALM BEACH,,RR-300
561,502,5615027663,Southern Exterior Restoration,,West Palm Beach,FL,33401,WEST PALM BEACH,,RR-303
561,507,5615075651,Daley Brothers Roofing Inc,13531 51st Pl N,West Palm Beach,FL,33411,WEST PALM BEACH,,RR-307
561,542,5615421915,Boca Raton Roofing Repair,995 SW 14th St,Boca Raton,FL,33486,BOCA RATON,,RR-334
561,547,5615473742,Bossler Roofing Inc,2385 NW Executive Center Dr,Boca Raton,FL,33431,BOCA RATON,,RR-337
561,630,5616309070,Roof B Kleen,,West Palm Beach,FL,33401,WEST PALM BEACH,,RR-293
561,662,5616628070,A and J Roofing Contractors,,West Palm Beach,FL,33401,WEST PALM BEACH,,RR-291
561,678,5616783951,AAM Industries Inc,225 SE 5th Ave,Boynton Beach,FL,33435,WEST PALM BEACH,,RR-286
561,688,5616881312,J D Roofing Inc,,West Palm Beach,FL,33409,WEST PALM BEACH,,RR-301
561,689,5616890268,Storm Roofing Inc,552 Santa Fe Rd,West Palm Beach,FL,33406,WEST PALM BEACH,,RR-298
561,704,5617049223,Rich Moore Roofing LLC,101 Rosemont Ct,Atlantis,FL,33462,WEST PALM BEACH,,RR-290
561,714,5617140441,Linden Pressure & Roof Cleaning,,West Palm Beach,FL,33407,WEST PALM BEACH,,RR-302
561,721,5617219921,Therma Seal Roof Systems Inc,1334 S Killian Dr,West Palm Beach,FL,33403,WEST PALM BEACH,,RR-299
561,723,5617236775,Built Right Roofing Inc,777 S Flagler Dr Ste 800,West Palm Beach,FL,33401,WEST PALM BEACH,,RR-304
561,725,5617257839,Carpenters Roofing & Sheet Metal,1701 W 10th St,Riviera Beach,FL,33404,WEST PALM BEACH,,RR-287
561,768,5617684238,Joseph Ward Enterprises Inc,337 1st St,Jupiter,FL,33458,WEST PALM BEACH,,RR-285
561,778,5617787800,Whale Roofing & Construction,1825 NW Corporate Blvd Ste 110,Boca Raton,FL,33431,BOCA RATON,,RR-336
561,783,5617836206,Forte Roofing,2431 NE 5th Ave,Boca Raton,FL,33431,BOCA RATON,,RR-330
561,795,5617955566,Roofing Systems of Florida Inc,583 105th Ave N,Royal Palm Beach,FL,33411,WEST PALM BEACH,,RR-294
561,798,5617987393,Neil O'Neal Jr Roofing,,West Palm Beach,FL,33413,WEST PALM BEACH,,RR-306
561,834,5618349398,Robert G Hartmann Roofing,,West Palm Beach,FL,33401,WEST PALM BEACH,,RR-288
561,842,5618426943,Ranger Roofing Corp,1508 53rd St,West Palm Beach,FL,33407,WEST PALM BEACH,,RR-295
561,861,5618611350,Mighty Dog Roofing of Boca Raton,4800 N Federal Hwy Ste 200,Boca Raton,FL,33431,BOCA RATON,,RR-335
561,895,5618956009,TXB Roofing,,Boca Raton,FL,33432,BOCA RATON,,RR-323
561,907,5619078422,Three Guys Roofing Inc,3866 Prospect Ave,West Palm Beach,FL,33404,WEST PALM BEACH,,RR-305
561,918,5619182477,CLS Roofing Contractor of Boca Raton,4301 Oak Cir Ste 18,Boca Raton,FL,33431,BOCA RATON,,RR-333
689,205,6892059678,Allstate Exteriors,1210 Tropic Park Dr,Sanford,FL,32773,SANFORD,,RR-155
689,262,6892624319,Brite Top Roofing,,Orlando,FL,32859,,,RR-013
754,240,7542402600,Byalik Roofing,2001 Hollywood Blvd Unit 3700,Hollywood,FL,33020,HOLLYWOOD,,RR-319
786,222,7862227507,PRS Roofing Systems,1007 N Federal Hwy,Fort Lauderdale,FL,33304,FT LAUDERDALE,,RR-281
786,280,7862806826,JP Roofing Corp,5722 SW 3rd St,Miami,FL,33144,MIAMI,,RR-261
786,374,7863749269,Gold Star Roofing of Florida Corp,,Miami,FL,33184,MIAMI,,RR-238
786,412,7864125354,Dade Professional Roofing Corp,971 NW 35th Ave,Miami,FL,33125,MIAMI,,RR-245
786,461,7864614843,Champion Roof Consultant Inc,,Miami,FL,33131,MIAMI,,RR-254
786,524,7865249900,Roof King,111 NE 1st St Ste 800,Miami,FL,33132,MIAMI,,RR-258
786,701,7867016361,Andrew Palmer Roofing,22790 S Dixie Hwy,Miami,FL,33170,MIAMI,,RR-237
786,801,7868012920,Navarro Roofing,3950 SW 87th Ct,Miami,FL,33165,MIAMI,,RR-235
786,808,7868083141,A Palmer Roofing,22790 S Dixie Hwy,Miami,FL,33170,MIAMI,,RR-236
786,879,7868796076,Roof Leak Repairs Now,,Doral,FL,33178,MIAMI/DORAL,,RR-243
800,977,8009776638,Elevate Roofing and Exteriors,1500 Herring Ln,Clermont,FL,34714,CLERMONT,,RR-130
813,599,8135991517,Arc Roofing & Restoration,2957 Canter Ln,Kissimmee,FL,34746,KISSIMMEE,,RR-105
833,372,8333727663,3MG Roofing & Solar,1127 Solana Ave,Winter Park,FL,32789,WINTER PARK,,RR-058
833,407,8334077663,Construction Unlimited Roofing,2578 Clark St Ste 1,Apopka,FL,32703,APOPKA,,RR-168
833,484,8334843872,Duraverde JN Roofing & Construction,,Orlando,FL,32817,,,RR-046
855,275,8552758883,Hytz Roofing Inc,540 International Pkwy,Lake Mary,FL,32746,LAKE MARY,,RR-197
855,643,8556437663,Next Dimension Roofing,2221 Lee Rd Ste 21,Winter Park,FL,32789,WINTER PARK,,RR-064
863,300,8633000967,Poinciana Pro Roofers,716 Caribou Dr,Kissimmee,FL,34759,KISSIMMEE,,RR-106
863,682,8636827663,A Action Services / America's Roofing,2607 Roughside Cir,Kissimmee,FL,34746,KISSIMMEE,,RR-095
888,521,8885210279,Family First Roofing,,Orlando,FL,32836,Verify local DID,,RR-012
888,604,8886041668,Storm Contracting,4027 W State Road 46,Sanford,FL,32771,SANFORD,,RR-151
888,906,8889066670,Compare Roofing Experts,,Orlando,FL,32859,Serving Orlando,,RR-041
904,751,9047516112,Bigfoot Roofing & Construction,1984 Alafaya Trl Ste 1010,Oviedo,FL,32765,OVIEDO,,RR-226
954,214,9542147214,Premier Construction Contractors,,Fort Lauderdale,FL,33309,FT LAUDERDALE,,RR-276
954,252,9542529010,Security Roofing Systems Inc,2960 NW 2nd Ave,Boca Raton,FL,33431,BOCA RATON,,RR-331
954,256,9542566011,A & A Roofing Contractors Inc,2026 Grant St,Hollywood,FL,33020,HOLLYWOOD,,RR-320
954,271,9542711321,Quality Miami Roofing Services,7900 NW 27th Ave Ste E233,Miami,FL,33147,MIAMI,,RR-255
954,289,9542896336,Florida's Best Roofing Services,702 NW 6th Ave,Fort Lauderdale,FL,33311,FT LAUDERDALE,,RR-279
954,300,9543002343,Shark Roofing Corp,757 SE 17th St,Fort Lauderdale,FL,33316,FT LAUDERDALE,,RR-271
954,475,9544750610,Nast Roofing Co,138 W State Road 84,Fort Lauderdale,FL,33315,FT LAUDERDALE,,RR-273
954,491,9544910993,Scotte Roofing Co,41 NE 47th St,Fort Lauderdale,FL,33334,FT LAUDERDALE,,RR-267
954,524,9545241322,Modern Roofing Inc,700 NW 7th Ave,Fort Lauderdale,FL,33311,FT LAUDERDALE,,RR-272
954,526,9545269980,Quality Fort Lauderdale Roofing Services,2126 Tyler St,Hollywood,FL,33020,HOLLYWOOD,,RR-318
954,543,9545431777,Giant Roofing,3363 Sheridan St Ste 211,Hollywood,FL,33021,HOLLYWOOD,,RR-316
954,553,9545538930,Tip Top Roofing & Repairs,,Fort Lauderdale,FL,33301,FT LAUDERDALE,,RR-265
954,565,9545650272,Above All A Good Roof,1251 NE 9th Ave,Fort Lauderdale,FL,33304,FT LAUDERDALE,,RR-268
954,600,9546001462,Planet Roofing,100 N Federal Hwy,Fort Lauderdale,FL,33301,FT LAUDERDALE,,RR-269
954,680,9546808588,Chase Roofing & Contracting Inc,12323 SW 55th St Ste 1005,Cooper City,FL,33330,FT LAUDERDALE,,RR-264
954,680,9546804246,Roger Drake Roofing Inc,4580 SW 33rd Ave,Fort Lauderdale,FL,33312,FT LAUDERDALE,,RR-275
954,684,9546849491,Soleil Roofing Inc,630 SW 4th Ave,Fort Lauderdale,FL,33315,FT LAUDERDALE,,RR-274
954,696,9546969582,Bill & Nate's Roofing,3021 SW 9th St,Fort Lauderdale,FL,33312,FT LAUDERDALE,,RR-282
954,698,9546982255,Alex the Roofer,2636 Grant St,Hollywood,FL,33020,HOLLYWOOD,,RR-321
954,699,9546990309,Hollywood Roofers,2351 Thomas St,Hollywood,FL,33020,HOLLYWOOD,,RR-315
954,707,9547072567,O'John Roofing,207 Dorchester Sq,Lake Mary,FL,32746,SANFORD/LAKE MARY,,RR-142
954,733,9547337332,Grace Roofing & Sheet Metal,1786 NW 38th Ave,Fort Lauderdale,FL,33311,FT LAUDERDALE,,RR-270
954,764,9547647630,Flooker Roofing Inc,1021 NW 1st St,Fort Lauderdale,FL,33311,FT LAUDERDALE,,RR-262
954,776,9547761931,Osborne Roofing Company,942 NW 56th St,Fort Lauderdale,FL,33309,FT LAUDERDALE,,RR-266
954,787,9547874026,Kairos Roofing,2190 W State Road 84,Fort Lauderdale,FL,33312,FT LAUDERDALE,,RR-283
954,800,9548000570,Hurricane Heroes Roofing Solar & Impact Window,1700 N Dixie Hwy,Boca Raton,FL,33432,BOCA RATON,,RR-338
954,807,9548073703,Reviv Roof,1000 N Victoria Park Rd,Fort Lauderdale,FL,33304,FT LAUDERDALE,,RR-280
954,822,9548229136,Ace Calloway Roofing,2646 Johnson St,Hollywood,FL,33020,HOLLYWOOD,,RR-322
954,880,9548803191,Gutter It Up Inc,4715 Orange Dr,Davie,FL,33314,FT LAUDERDALE,,RR-263
954,920,9549207688,Pioneer Roofing Co Inc,2026 Grant St,Hollywood,FL,33020,HOLLYWOOD,,RR-313
954,922,9549227383,White Seal Roofing,2015 Coolidge St,Hollywood,FL,33020,HOLLYWOOD,,RR-310
954,923,9549235100,Universal Roofing Inc,2020 Thomas St,Hollywood,FL,33020,HOLLYWOOD,,RR-309
954,961,9549619879,J & K Roofing Inc,2010 Sherman St,Hollywood,FL,33020,HOLLYWOOD,,RR-308
954,967,9549671918,Thompson's Roofing,8570 Stirling Rd Ste 102,Hollywood,FL,33024,HOLLYWOOD,,RR-317
954,970,9549708565,Decktight Roofing Services Inc,6680 NW 17th Ave,Fort Lauderdale,FL,33309,FT LAUDERDALE,,RR-278
954,994,9549940914,A to Z GC Home Improvement,5933 Ravenswood Rd Bb3,Fort Lauderdale,FL,33312,FT LAUDERDALE,,RR-284
